metal,condition,filename,relative_path,width,height,format,sha256,status
Steel,Defective,img_02_3402618000_00002.jpg,Steel\Defective\img_02_3402618000_00002.jpg,2048,1000,JPEG,95d4f61f156027060816f17f98269bda538a26cdf8575369a5f04a5245ade574,VALID
Steel,Defective,img_02_3402618000_00007.jpg,Steel\Defective\img_02_3402618000_00007.jpg,2048,1000,JPEG,f49734f8d265c18796dee0f70c674b7408ce458d725ee60c891338b5ad94fd39,VALID
Steel,Defective,img_02_3402618000_00010.jpg,Steel\Defective\img_02_3402618000_00010.jpg,2048,1000,JPEG,4948073d0735ed7e2b830aa352662ac3607fcc03f891ed0bdbe139c679d9b4a6,VALID
Steel,Defective,img_02_3436787300_00007.jpg,Steel\Defective\img_02_3436787300_00007.jpg,2048,1000,JPEG,782aa5df63e27e3a4d78e2719e201bbbc81e3e81bed02acd744be205ee859bf4,VALID
Steel,Defective,img_02_3436789500_00005.jpg,Steel\Defective\img_02_3436789500_00005.jpg,2048,1000,JPEG,7073b95a241f4976bf335677e32b38c8faf9a6649d6a8cd6c6bb75fbe15c5cba,VALID
Steel,Defective,img_02_431854300_00002.jpg,Steel\Defective\img_02_431854300_00002.jpg,2048,1000,JPEG,d5ccd0003e7120f7a651b9ed2f8531bc828d8179918410588d18de15d12a7710,VALID
Steel,Defective,img_02_4402116500_00005.jpg,Steel\Defective\img_02_4402116500_00005.jpg,2048,1000,JPEG,91aea801b30f957d23759aa61344d2e947e2d3d71da251da26064144ba0dd4b2,VALID
Steel,Defective,img_02_4402116700_00002.jpg,Steel\Defective\img_02_4402116700_00002.jpg,2048,1000,JPEG,aca217435365a8d9a093471e5e0fc00d53678eea3ae81232841615ac4eb0c235,VALID
Steel,Defective,img_02_4402329000_00001.jpg,Steel\Defective\img_02_4402329000_00001.jpg,2048,1000,JPEG,03ca6e98559281dc7ae3ec8f94e0183395c009ab846b6656256d13d31eaecb2c,VALID
Steel,Defective,img_02_4402329100_00006.jpg,Steel\Defective\img_02_4402329100_00006.jpg,2048,1000,JPEG,5cb7306ab613dc07f031245f7f7f09c5a8e62742e43297056310886932fcb0ea,VALID
Steel,Defective,img_02_4402785600_00004.jpg,Steel\Defective\img_02_4402785600_00004.jpg,2048,1000,JPEG,4354d0cc3dc7f096d4b6e8b9a1251cf9b7eb235957368b854adc4b8b32566e87,VALID
Steel,Defective,img_02_4404612700_00054.jpg,Steel\Defective\img_02_4404612700_00054.jpg,2048,1000,JPEG,03af98b9bb9de637fb009de0b087247aaad34ca0af00b6115178ac7012ea11b7,VALID
Steel,Defective,img_02_4405230800_01128.jpg,Steel\Defective\img_02_4405230800_01128.jpg,2048,1000,JPEG,eecd9ce0c470a069208bcb747b4711c0272ac6f34148f83e14e71f982e270aa5,VALID
Steel,Defective,img_02_4405230800_01134.jpg,Steel\Defective\img_02_4405230800_01134.jpg,2048,1000,JPEG,bd5d3d129962b1d0ee1c0877f0c077cc54d2603caf31c0e91ba2b0860d6ecfb7,VALID
Steel,Defective,img_02_4406430100_00002.jpg,Steel\Defective\img_02_4406430100_00002.jpg,2048,1000,JPEG,3e41dd0e56b8155640e84f6473aa4c25b56b72dc0dd61f882bc799252b5e729b,VALID
Steel,Defective,img_02_4406772100_00003.jpg,Steel\Defective\img_02_4406772100_00003.jpg,2048,1000,JPEG,9301e926cbf98ea2efc1fc4762fea0332620efc8c2ee148a913b23ce4401dabd,VALID
Steel,Defective,img_02_4406772100_00175.jpg,Steel\Defective\img_02_4406772100_00175.jpg,2048,1000,JPEG,395dad2d55d07b86fbbdfb03be33a33cf5f94f9ef577c6827788769cc6f15c42,VALID
Steel,Defective,img_02_4406772100_00193.jpg,Steel\Defective\img_02_4406772100_00193.jpg,2048,1000,JPEG,3cf2abb411fa4809037ddb57ea357312f57db13f6fda8bcec1bdc435f0f57747,VALID
Steel,Defective,img_02_4406772100_00221.jpg,Steel\Defective\img_02_4406772100_00221.jpg,2048,1000,JPEG,7159573ffbc23dbad0f7f4e065a843ed2fdf593f3f57b1199d6943e64f66f664,VALID
Steel,Defective,img_02_4406772100_00243.jpg,Steel\Defective\img_02_4406772100_00243.jpg,2048,1000,JPEG,b770ffe403a332e2a4050f6e65185d6e4eb57183120566cbe8855f48ce187647,VALID
Steel,Defective,img_02_4406772100_00275.jpg,Steel\Defective\img_02_4406772100_00275.jpg,2048,1000,JPEG,7f4c771e3670bb32870f700c8088e5ef31fc768e9e86bae39d45428dd8c63514,VALID
Steel,Defective,img_02_4406772100_00305.jpg,Steel\Defective\img_02_4406772100_00305.jpg,2048,1000,JPEG,048fd274a33b171e3b102a47a93543bce83eb136164934538e6e926ca22a79dd,VALID
Steel,Defective,img_02_4406772100_00324.jpg,Steel\Defective\img_02_4406772100_00324.jpg,2048,1000,JPEG,161e81ffa3d45d46cbc3635daeb35c7e378d023da431adccb3e5b63198d81839,VALID
Steel,Defective,img_02_4406772100_00371.jpg,Steel\Defective\img_02_4406772100_00371.jpg,2048,1000,JPEG,e21234dbd2c4ec6b2385b86a3c187adae88ddd40c460811dcc28910a5a9bc276,VALID
Steel,Defective,img_02_4406772100_00404.jpg,Steel\Defective\img_02_4406772100_00404.jpg,2048,1000,JPEG,1cbcf243e926c757e75f2f62f302f0dc644ceed7d1d37760278a4d3292bc1a7b,VALID
Steel,Defective,img_02_4406772100_00443.jpg,Steel\Defective\img_02_4406772100_00443.jpg,2048,1000,JPEG,488bbac3598b5c7821d748c376acd77c397b940a4816f06020a8979ed0d3a401,VALID
Steel,Defective,img_02_4406772100_00500.jpg,Steel\Defective\img_02_4406772100_00500.jpg,2048,1000,JPEG,272b393e2c4f1a1a76afa2c251cb043ac0f336c9a2b481d54cf80a94e5ca7c42,VALID
Steel,Defective,img_02_4406772100_00531.jpg,Steel\Defective\img_02_4406772100_00531.jpg,2048,1000,JPEG,373e3086145ee2b85c63de878719db5687caa21a5f2c164ae4aed7110d2f1ce1,VALID
Steel,Defective,img_02_4406772100_00602.jpg,Steel\Defective\img_02_4406772100_00602.jpg,2048,1000,JPEG,1a8d0ecf19ba80ef9131c6c0af013dba0d7d0aeb49a2c7dbc2c257abea3bfad7,VALID
Steel,Defective,img_02_4406772100_00672.jpg,Steel\Defective\img_02_4406772100_00672.jpg,2048,1000,JPEG,562862c6020c7888c693e2ab94df231d942b84b513b21958e97cd6a21c616468,VALID
Steel,Defective,img_02_4406772100_00673.jpg,Steel\Defective\img_02_4406772100_00673.jpg,2048,1000,JPEG,67dda867342cc204ed84692f09c354853e5d22e509e4105101614296221c3353,VALID
Steel,Defective,img_02_4406772100_00695.jpg,Steel\Defective\img_02_4406772100_00695.jpg,2048,1000,JPEG,8fb186ac40d71d8d5e8a991edd0dfa9b9dc43afe6f4bf330b777f8e92b2d4702,VALID
Steel,Defective,img_02_4406772100_00755.jpg,Steel\Defective\img_02_4406772100_00755.jpg,2048,1000,JPEG,b8d0f799be3acd1e900bad4db04a98770772c3f5703910d018585cbba26881ba,VALID
Steel,Defective,img_02_4406772100_00758.jpg,Steel\Defective\img_02_4406772100_00758.jpg,2048,1000,JPEG,7e5a4ab17d8b96b88900fbbeedf317411c8378757b52f6ee0a55b0b0cfa438ce,VALID
Steel,Defective,img_02_4406772100_00887.jpg,Steel\Defective\img_02_4406772100_00887.jpg,2048,1000,JPEG,9c8fd37da2409b75b70f419d9e6030b431ca7273d392abba51556a83a4ba020b,VALID
Steel,Defective,img_02_4406772100_01092.jpg,Steel\Defective\img_02_4406772100_01092.jpg,2048,1000,JPEG,1d880a635dbeff1593abf70eea95e8c03bef1a8b4ebcc17a3be109fed8fa1fc9,VALID
Steel,Defective,img_02_4406772100_01181.jpg,Steel\Defective\img_02_4406772100_01181.jpg,2048,1000,JPEG,db815e291055471905c7f78dbc04e7dfe0a96a398bd4ee6f809ebd24d93283ed,VALID
Steel,Defective,img_02_4406783500_00004.jpg,Steel\Defective\img_02_4406783500_00004.jpg,2048,1000,JPEG,5ce73c2ea72ed108d984cbbd313b8d177c6c95422053e3ee88eaa29f18b43a0f,VALID
Steel,Defective,img_02_4406783500_00008.jpg,Steel\Defective\img_02_4406783500_00008.jpg,2048,1000,JPEG,d0a757fd3254e4b2b18a0fd3d45fb95915d14c4512dfe801735ac42f5e0af54e,VALID
Steel,Defective,img_02_4406783500_00009.jpg,Steel\Defective\img_02_4406783500_00009.jpg,2048,1000,JPEG,0901030a46268a5baf9185307140e8f1136413f4d64306ea824125d7ed9c3064,VALID
Steel,Defective,img_02_4406783500_00010.jpg,Steel\Defective\img_02_4406783500_00010.jpg,2048,1000,JPEG,85d1e50b7ce5833de6e8e766f607198e4ef839f3330c31322b7a03fd0dd143ab,VALID
Steel,Defective,img_02_SIS001540_00034.jpg,Steel\Defective\img_02_SIS001540_00034.jpg,2048,1000,JPEG,9ffe038bce6a03cdcaf39df21d2787a5b696029c505c95e111c6346f150e1c07,VALID
Steel,Defective,img_02_SIS001540_00088.jpg,Steel\Defective\img_02_SIS001540_00088.jpg,2048,1000,JPEG,0b1d23d671a22ff2af1c226b6ea253b0823b29228e64d6f358a7005fa866928c,VALID
Steel,Defective,img_02_SIS001540_00105.jpg,Steel\Defective\img_02_SIS001540_00105.jpg,2048,1000,JPEG,19eab79af555bbb0dfcbabf4807c0c131133c4171957a3f5e2c870c655c58c4b,VALID
Steel,Defective,img_03_3402617700_00053.jpg,Steel\Defective\img_03_3402617700_00053.jpg,2048,1000,JPEG,ebf8cda565e4fcd02dd079aeb9ea8311060f850dc0b57f29811bdabe165d4f17,VALID
Steel,Defective,img_03_3402618000_00007.jpg,Steel\Defective\img_03_3402618000_00007.jpg,2048,1000,JPEG,43ebb4a285a3cd132e3eb6c22c655a4e4c3693c060900f1a748e72d0ae34647a,VALID
Steel,Defective,img_03_3402618000_00013.jpg,Steel\Defective\img_03_3402618000_00013.jpg,2048,1000,JPEG,b764bd324d1432b1071593e4bb3256015cb8668087b1256dcc9e8be60e94eb62,VALID
Steel,Defective,img_03_3403331900_01545.jpg,Steel\Defective\img_03_3403331900_01545.jpg,2048,1000,JPEG,dced196e2dafa60ef3b8a24b2c50016380b87ac57486e9634d004f2dde91e11a,VALID
Steel,Defective,img_03_3403392000_01070.jpg,Steel\Defective\img_03_3403392000_01070.jpg,2048,1000,JPEG,dbad77c89de1bcc04e1a35d7272fa28e750b25f0680ff9b59333eb107ec9cb9c,VALID
Steel,Defective,img_03_3403392100_00870.jpg,Steel\Defective\img_03_3403392100_00870.jpg,2048,1000,JPEG,ae2e2e05afa76506739162f404244ae2c3362668cde8ccd1dc286b31ebbbd169,VALID
Steel,Defective,img_03_3403393700_00942.jpg,Steel\Defective\img_03_3403393700_00942.jpg,2048,1000,JPEG,48746db26bb1e3622240e397d6a2e8b9259ab3de1cfe8b96926a97df446c877f,VALID
Steel,Defective,img_03_3403394100_01319.jpg,Steel\Defective\img_03_3403394100_01319.jpg,2048,1000,JPEG,83d1b03fe3cd8d19ec01ea363647609162812ff2694ad1803ba307b74fa3ccc5,VALID
Steel,Defective,img_03_3403395700_01033.jpg,Steel\Defective\img_03_3403395700_01033.jpg,2048,1000,JPEG,52351e1952b11fa3bb9ec69ddf3bfacecae5dbd2e13977af00f031d140483813,VALID
Steel,Defective,img_03_3403396800_01005.jpg,Steel\Defective\img_03_3403396800_01005.jpg,2048,1000,JPEG,d1b7b28ba89e08151fc308595faeda32803f23398e58ba5660f7bf91ffa07990,VALID
Steel,Defective,img_03_3403397300_00901.jpg,Steel\Defective\img_03_3403397300_00901.jpg,2048,1000,JPEG,826df2fbf6b7bcfd34947a6cbb2468f322b62c26f7db0d883d015d3bc9dbee6b,VALID
Steel,Defective,img_03_3403397500_01395.jpg,Steel\Defective\img_03_3403397500_01395.jpg,2048,1000,JPEG,3bdccf9087c684886660b63f226d48932b4019806f9ea797e1d72c4b4cb8d618,VALID
Steel,Defective,img_03_3403399200_00770.jpg,Steel\Defective\img_03_3403399200_00770.jpg,2048,1000,JPEG,b4541c2b05d7bb59a0c0ed4d2f9a5e32249377a85889113cc201deb321c62e3a,VALID
Steel,Defective,img_03_3403399500_00888.jpg,Steel\Defective\img_03_3403399500_00888.jpg,2048,1000,JPEG,3959e033cfe07ae7e33a641bd6cb8f1b0af83bbb9bc562a3e2235749cf10a454,VALID
Steel,Defective,img_03_3403400200_00567.jpg,Steel\Defective\img_03_3403400200_00567.jpg,2048,1000,JPEG,4e71e5de5ef653f4614ffafe4cf5794908aee21d5b5c38c8f97cd8e7ebf2f2e6,VALID
Steel,Defective,img_03_3403400500_00340.jpg,Steel\Defective\img_03_3403400500_00340.jpg,2048,1000,JPEG,061f732f4dd5cc53101894f2590bfd70ea8ba59970f1a0334a6c07438a1c9d25,VALID
Steel,Defective,img_03_3403400600_00936.jpg,Steel\Defective\img_03_3403400600_00936.jpg,2048,1000,JPEG,19e14730bae18dd73f88ce9e5224617a7e18800fc7b492a219b977976cfb653d,VALID
Steel,Defective,img_03_3403401700_00908.jpg,Steel\Defective\img_03_3403401700_00908.jpg,2048,1000,JPEG,ce23fac308920828fa9014a2f6b5f8daf3fc5df7d49d43c65119255e2f388703,VALID
Steel,Defective,img_03_3403401800_00672.jpg,Steel\Defective\img_03_3403401800_00672.jpg,2048,1000,JPEG,d69ebb9dd36852840b41e38a154fe2f2723d4755866d1c9b516a3ef97cc72de7,VALID
Steel,Defective,img_03_3403401900_00722.jpg,Steel\Defective\img_03_3403401900_00722.jpg,2048,1000,JPEG,b7e03a2f7f8331b7f2a439cf58d02f12caca6f6c2f9d3919cdd8fc4984591ceb,VALID
Steel,Defective,img_03_3403402100_00857.jpg,Steel\Defective\img_03_3403402100_00857.jpg,2048,1000,JPEG,c7ef3d72f5ef51d29a616dde5bfeee1a2c0f184e81dc9679f2e2ca11c9343e30,VALID
Steel,Defective,img_03_3403402800_00951.jpg,Steel\Defective\img_03_3403402800_00951.jpg,2048,1000,JPEG,30e7ce93c565583803d12922c534a45b77c27b9a2f046247b3ad748f57af7f4f,VALID
Steel,Defective,img_03_3403402900_00962.jpg,Steel\Defective\img_03_3403402900_00962.jpg,2048,1000,JPEG,87c593110b96c96eb83a67c83a2de9f7bae931945ec41d0f34285fecf1179b86,VALID
Steel,Defective,img_03_3403403500_00735.jpg,Steel\Defective\img_03_3403403500_00735.jpg,2048,1000,JPEG,99bd1472306f7a604dd33dd8d2062fcb65983535a0adcc3643e4a495d8ed3509,VALID
Steel,Defective,img_03_3403403700_00806.jpg,Steel\Defective\img_03_3403403700_00806.jpg,2048,1000,JPEG,5744cc1d18b9be2cae48d2697333641d1f42f7d4a333caab5e3da419638e629a,VALID
Steel,Defective,img_03_3403404300_01219.jpg,Steel\Defective\img_03_3403404300_01219.jpg,2048,1000,JPEG,454e9cc832f7c13a566f75d7d8be04eaa37d6cb6590be64afccae8b71b9bdcb4,VALID
Steel,Defective,img_03_3403404800_00998.jpg,Steel\Defective\img_03_3403404800_00998.jpg,2048,1000,JPEG,b09d7231887e2ac37c6092ce060ea570eb9cf788b34a2fd69b81f85532d2294e,VALID
Steel,Defective,img_03_3403405900_00857.jpg,Steel\Defective\img_03_3403405900_00857.jpg,2048,1000,JPEG,5564091d372a39ac58ca8367a5578449e3c23e7692e964f517a2607d6b5a10c9,VALID
Steel,Defective,img_03_3403406000_00825.jpg,Steel\Defective\img_03_3403406000_00825.jpg,2048,1000,JPEG,842aa780c5d84ed820fc504510a99512a6e0fcb52e207c9daa1e3701a48de7a4,VALID
Steel,Defective,img_03_3437006900_00002.jpg,Steel\Defective\img_03_3437006900_00002.jpg,2048,1000,JPEG,07de440e1b732ea2df1b64f08f0db68cb98967914eed9bfba2f35559553ad558,VALID
Steel,Defective,img_03_424712600_00016.jpg,Steel\Defective\img_03_424712600_00016.jpg,2048,1000,JPEG,b535609972ef3011f9c26d78902269e33558e0f2f09dce5b0a9b76a3f5339047,VALID
Steel,Defective,img_03_424714400_00001.jpg,Steel\Defective\img_03_424714400_00001.jpg,2048,1000,JPEG,16ea0cbeff0a39db24bfb945c5558c3d136a773c35d9b1b1a5f6560067e40d31,VALID
Steel,Defective,img_03_424714400_00306.jpg,Steel\Defective\img_03_424714400_00306.jpg,2048,1000,JPEG,131a18534cf8258cd9651dcab4f18381eaca5041cc41efddd1e316a0519b9a69,VALID
Steel,Defective,img_03_424798200_00001.jpg,Steel\Defective\img_03_424798200_00001.jpg,2048,1000,JPEG,f6e77ad51923b0aef60f6c1fbdc1dba3e71f2d9347139d2c8183715e695316bd,VALID
Steel,Defective,img_03_424798500_00466.jpg,Steel\Defective\img_03_424798500_00466.jpg,2048,1000,JPEG,411265cda2fa8152749cf3d415941e84b5b1f0fdce8b3be423a0bd0a33a1883b,VALID
Steel,Defective,img_03_424798500_00467.jpg,Steel\Defective\img_03_424798500_00467.jpg,2048,1000,JPEG,ef1748b182fdd86ab294e3263966d883ebaa5a768f1e6d122342ba3058b80cd7,VALID
Steel,Defective,img_03_424799200_00260.jpg,Steel\Defective\img_03_424799200_00260.jpg,2048,1000,JPEG,d1cd165fa85a6b7170fe9f7a96318cf80ecfe452bbbb2c3277bc43b83849e60d,VALID
Steel,Defective,img_03_424799600_00324.jpg,Steel\Defective\img_03_424799600_00324.jpg,2048,1000,JPEG,561afa648d1c8a9a037e30f72dce535f4d852b54e794b4fa25e60c908bee7874,VALID
Steel,Defective,img_03_424799600_00800.jpg,Steel\Defective\img_03_424799600_00800.jpg,2048,1000,JPEG,8a8b316e77657ef194923f6dff940be25754e0281cc008444ef31041302662f6,VALID
Steel,Defective,img_03_424825900_00211.jpg,Steel\Defective\img_03_424825900_00211.jpg,2048,1000,JPEG,d32631d42fbb7b9ac863726437234bcbee29ca24cbc2721aad02fb84b04ff3b4,VALID
Steel,Defective,img_03_424825900_00909.jpg,Steel\Defective\img_03_424825900_00909.jpg,2048,1000,JPEG,f992d6e36206f697fca7358db37f08939cbfa9bce5855c85d56f361c8146388c,VALID
Steel,Defective,img_03_424826100_00528.jpg,Steel\Defective\img_03_424826100_00528.jpg,2048,1000,JPEG,c434cd2d2e362d6645cabc069a07fd4971de00ce637dc8b1470d063a91f426ee,VALID
Steel,Defective,img_03_424826300_00949.jpg,Steel\Defective\img_03_424826300_00949.jpg,2048,1000,JPEG,cf525a1e434e13ad77c3d67d82cabfce96b2b8e70eacfb939b0d8e3c7abe7a6e,VALID
Steel,Defective,img_03_424826800_00073.jpg,Steel\Defective\img_03_424826800_00073.jpg,2048,1000,JPEG,e21a1ac2d336d264c0a5aed0861f1030058a2e42d252a115207b1788effd457c,VALID
Steel,Defective,img_03_424826800_00254.jpg,Steel\Defective\img_03_424826800_00254.jpg,2048,1000,JPEG,5c5355fb803d396581f2d530b8ad6c46acbc90f561519942364a47384a6b53cc,VALID
Steel,Defective,img_03_424826800_00361.jpg,Steel\Defective\img_03_424826800_00361.jpg,2048,1000,JPEG,16d343131b2becbeee5faab062fcca72dd8a8b1b100a214829cc9d0cd5497c19,VALID
Steel,Defective,img_03_424992300_00001.jpg,Steel\Defective\img_03_424992300_00001.jpg,2048,1000,JPEG,045672365b35dc5d3f1643f7696b790e6d23969fcf2725d4fa147c6069ca3aa5,VALID
Steel,Defective,img_03_424992300_00206.jpg,Steel\Defective\img_03_424992300_00206.jpg,2048,1000,JPEG,31532301df793fa0952839318041cded5ec2c6728f1dcfb0b0e7f8ff13ef8f16,VALID
Steel,Defective,img_03_424992300_00216.jpg,Steel\Defective\img_03_424992300_00216.jpg,2048,1000,JPEG,710b567ef663436f932ce8e201d433633886f6d7fcc5a8bf3576ba1499958709,VALID
Steel,Defective,img_03_424992300_00223.jpg,Steel\Defective\img_03_424992300_00223.jpg,2048,1000,JPEG,b93600723a967e1bb9140f2a9727321300d31aa0e7b4322df47af18f0f2405af,VALID
Steel,Defective,img_03_424992300_00228.jpg,Steel\Defective\img_03_424992300_00228.jpg,2048,1000,JPEG,46b3352952b0db04e1ee1b7d4d1bb8370826601dfb13af49d020d686fb8e4764,VALID
Steel,Defective,img_03_424992300_00428.jpg,Steel\Defective\img_03_424992300_00428.jpg,2048,1000,JPEG,c79f90e453a6de18ce14889f2fd21b0a6682504f66697cff3479c453c549bceb,VALID
Steel,Defective,img_03_424992300_00514.jpg,Steel\Defective\img_03_424992300_00514.jpg,2048,1000,JPEG,18425abddc3a45c42d8df256e0b6bd217dbdb0ff5f920d2dd61aa60cd4f13e6e,VALID
Steel,Defective,img_03_424992300_00520.jpg,Steel\Defective\img_03_424992300_00520.jpg,2048,1000,JPEG,f80e23b86a29f62034a811b2e5d0148cda1663ef621158804a0c958111a4b615,VALID
Steel,Defective,img_03_424992500_00003.jpg,Steel\Defective\img_03_424992500_00003.jpg,2048,1000,JPEG,773647da5b93e0b9def7063725f01f3636b1213053da69f4c57c99667d69bf5d,VALID
Steel,Defective,img_03_424992500_00103.jpg,Steel\Defective\img_03_424992500_00103.jpg,2048,1000,JPEG,d8623343cbc954a214663ce07fd52192f2cdcb8183ccccb58f7af1ef5f404006,VALID
Steel,Defective,img_03_424992500_00228.jpg,Steel\Defective\img_03_424992500_00228.jpg,2048,1000,JPEG,284bd6c90e37082a5eeb50f81e578a0204f9f063d310736ae059cdb0a9067739,VALID
Steel,Defective,img_03_424992500_00388.jpg,Steel\Defective\img_03_424992500_00388.jpg,2048,1000,JPEG,30df1466441bd3b72408d727ade636abc1b3afeeb82aae37fe1958e35cc4301a,VALID
Steel,Defective,img_03_424992500_00437.jpg,Steel\Defective\img_03_424992500_00437.jpg,2048,1000,JPEG,0d9b2abd7eab3b37e6f582e64b7f4186529f911f1435255274f67b1edab306c8,VALID
Steel,Defective,img_03_424992500_00482.jpg,Steel\Defective\img_03_424992500_00482.jpg,2048,1000,JPEG,a62cb4d82d27720634cb1c6bd18570d06d8199223c300649a1d9925368aeae57,VALID
Steel,Defective,img_03_424992500_00514.jpg,Steel\Defective\img_03_424992500_00514.jpg,2048,1000,JPEG,5b8d40182db001ece8da62c09c0874921bd8bdf90e5d15f6a5373dfd5ba57d32,VALID
Steel,Defective,img_03_424992500_00525.jpg,Steel\Defective\img_03_424992500_00525.jpg,2048,1000,JPEG,5166a1b931c2b79085d215928c54f53593d117f6afd9d6ec4a6687db3c5187da,VALID
Steel,Defective,img_03_424992500_00609.jpg,Steel\Defective\img_03_424992500_00609.jpg,2048,1000,JPEG,9bc13739e7398a3d860a4db64372594e2439c1b2fec54eb6d70c3d3d5287ccec,VALID
Steel,Defective,img_03_424992500_00674.jpg,Steel\Defective\img_03_424992500_00674.jpg,2048,1000,JPEG,0065b3fe459bc7b363b65669351b7dad4617ce522aeac0936f9dd78e38070c07,VALID
Steel,Defective,img_03_424992500_01025.jpg,Steel\Defective\img_03_424992500_01025.jpg,2048,1000,JPEG,b73749ebcc8f59f5aefaa1ecbbbb924dee9175ac9646fa24e650074e05d6fa30,VALID
Steel,Defective,img_03_424992500_01040.jpg,Steel\Defective\img_03_424992500_01040.jpg,2048,1000,JPEG,1269e49b0dfb86bbd0de8870760b6425a90a60f046543a440ffcf028f6d508d8,VALID
Steel,Defective,img_03_424992500_01054.jpg,Steel\Defective\img_03_424992500_01054.jpg,2048,1000,JPEG,0e446f26b0853567bcf85346d4643df703779ffdb5d894643731512a87b61088,VALID
Steel,Defective,img_03_424992500_01056.jpg,Steel\Defective\img_03_424992500_01056.jpg,2048,1000,JPEG,3d01e53e3d6906115cdc2cd07afdd87bf429f7d2601d9caf45c5559e73f381ac,VALID
Steel,Defective,img_03_424992500_01064.jpg,Steel\Defective\img_03_424992500_01064.jpg,2048,1000,JPEG,b5a07c35599cebf68d2f7ba64fb99000bdcd1be29ec99cb6867702d9c58bbafe,VALID
Steel,Defective,img_03_424992500_01073.jpg,Steel\Defective\img_03_424992500_01073.jpg,2048,1000,JPEG,07f5e9c3f118086c60f166b9388c5933282da091152474631d180d910a102675,VALID
Steel,Defective,img_03_424992500_01102.jpg,Steel\Defective\img_03_424992500_01102.jpg,2048,1000,JPEG,706eb0818d4f145e92f13f718fffc046d0c840605378abb70791a765e88eec6d,VALID
Steel,Defective,img_03_425234000_00057.jpg,Steel\Defective\img_03_425234000_00057.jpg,2048,1000,JPEG,5957a40abc75ce46fd6aac844c29840a3302daff3cb0480e578663f855f2a4cd,VALID
Steel,Defective,img_03_425364500_00001.jpg,Steel\Defective\img_03_425364500_00001.jpg,2048,1000,JPEG,c899140a5cda4d7de8dfd5b9c49bddecd12d28a03207f59b41107e4730c0f83d,VALID
Steel,Defective,img_03_425501700_00018.jpg,Steel\Defective\img_03_425501700_00018.jpg,2048,1000,JPEG,d2800c5108e8c237fcd17198007863c8158ba7e26121b25a73ef722ceac89683,VALID
Steel,Defective,img_03_425501800_00018.jpg,Steel\Defective\img_03_425501800_00018.jpg,2048,1000,JPEG,f2801dda51a0ee4fc5de953862118713607008e7bb739df499b96a094bb8b0c0,VALID
Steel,Defective,img_03_425501800_00019.jpg,Steel\Defective\img_03_425501800_00019.jpg,2048,1000,JPEG,35c04fd57a0a17e1e180086335e611edc600498a680b73b69e2771ab1f936629,VALID
Steel,Defective,img_03_425501900_00017.jpg,Steel\Defective\img_03_425501900_00017.jpg,2048,1000,JPEG,cc57a2b2d519c444b5e8c462fa18f74432d99b8fc077b6007c72dde4255ac00e,VALID
Steel,Defective,img_03_425502200_00017.jpg,Steel\Defective\img_03_425502200_00017.jpg,2048,1000,JPEG,26efe6b848aac792742a5262cdbe997aa1ce47d8727f1f58e50da2a09f560365,VALID
Steel,Defective,img_03_425502300_00018.jpg,Steel\Defective\img_03_425502300_00018.jpg,2048,1000,JPEG,7765f9df92ec980dfa716ba04e75145ec2fe3f74bd3533ba9bdcf867457f33f0,VALID
Steel,Defective,img_03_425502600_00017.jpg,Steel\Defective\img_03_425502600_00017.jpg,2048,1000,JPEG,53d80309adbd9264a3732820d03ad200f77360c8ae9166627ac55b0ccb25fc97,VALID
Steel,Defective,img_03_425502700_00017.jpg,Steel\Defective\img_03_425502700_00017.jpg,2048,1000,JPEG,93d0da81625ee46031e9c51b89378e53629247446f73e4751391ef6ef5a99b0d,VALID
Steel,Defective,img_03_425502900_00017.jpg,Steel\Defective\img_03_425502900_00017.jpg,2048,1000,JPEG,9ea5f50cb54836e6e1663facb4d1cb2cd0e262a7db3cdb3533618d75a9187b5a,VALID
Steel,Defective,img_03_425503000_00017.jpg,Steel\Defective\img_03_425503000_00017.jpg,2048,1000,JPEG,092ca81c86d647ca7e2daa528a43a99c91cc31f3ce87578d6a5b4f4b7103ae96,VALID
Steel,Defective,img_03_425503100_00017.jpg,Steel\Defective\img_03_425503100_00017.jpg,2048,1000,JPEG,6f15a07a50b880570faf770c2709ecad048f41d609f79ea47c017576e40ceda2,VALID
Steel,Defective,img_03_425503200_00018.jpg,Steel\Defective\img_03_425503200_00018.jpg,2048,1000,JPEG,8170e052e1acd195cb2148d9b211a8f1037280870e55b8615baf986768a776bf,VALID
Steel,Defective,img_03_425503300_00017.jpg,Steel\Defective\img_03_425503300_00017.jpg,2048,1000,JPEG,c43ae6b3271f2082ef1169a67b5f5c97f5acb28b84390bab32ec0e201ac7bf11,VALID
Steel,Defective,img_03_425503400_00017.jpg,Steel\Defective\img_03_425503400_00017.jpg,2048,1000,JPEG,77bf51ac878f0cc5c44097b753787a4126f7f6dcbdcdfe782a54aaaca4278011,VALID
Steel,Defective,img_03_425503600_00016.jpg,Steel\Defective\img_03_425503600_00016.jpg,2048,1000,JPEG,7b314cdc746756826b27e822dbe382ba0060d04d9b6b81deca3f0fa0768407c4,VALID
Steel,Defective,img_03_425503800_00017.jpg,Steel\Defective\img_03_425503800_00017.jpg,2048,1000,JPEG,4dcd66b6cbe3519b51aa32a60678ecf12c4b2c75190abdcf1a930e7aaac64d32,VALID
Steel,Defective,img_03_425504800_00018.jpg,Steel\Defective\img_03_425504800_00018.jpg,2048,1000,JPEG,c61686d477d3e55ae5e02fd658da177106530ef9720587850bbf405d9b0242ae,VALID
Steel,Defective,img_03_425505000_00018.jpg,Steel\Defective\img_03_425505000_00018.jpg,2048,1000,JPEG,5cd8ae8f0d78288073f2f4b4b96a8bacdfe371e53407b2364c3950b6589cb68a,VALID
Steel,Defective,img_03_425505000_00110.jpg,Steel\Defective\img_03_425505000_00110.jpg,2048,1000,JPEG,bf509ff2650430a8fe93ab788defdbf20328b4ea084ff7563c33755a83fd1b78,VALID
Steel,Defective,img_03_425505100_00017.jpg,Steel\Defective\img_03_425505100_00017.jpg,2048,1000,JPEG,39aaec2e0fcc81c675d77490ccd9589d1aaf48bacbca54054f5db3e43a9bab7a,VALID
Steel,Defective,img_03_425505400_00075.jpg,Steel\Defective\img_03_425505400_00075.jpg,2048,1000,JPEG,af14e5b4eeee6747461378e2a308d9343eb808c16992e5044e7338bf334afb88,VALID
Steel,Defective,img_03_425505500_00018.jpg,Steel\Defective\img_03_425505500_00018.jpg,2048,1000,JPEG,79f57507c15c035b7c255558b8e24d2eb6a4157b563bfb0b556fc081497e3bcc,VALID
Steel,Defective,img_03_425505500_00298.jpg,Steel\Defective\img_03_425505500_00298.jpg,2048,1000,JPEG,4093deae4d72c59fab1284b12dfd2d3037e65165c67292d3b254d75572efef06,VALID
Steel,Defective,img_03_425505900_00018.jpg,Steel\Defective\img_03_425505900_00018.jpg,2048,1000,JPEG,0e5e96d6ebc2305a71b74f29e4a5d9c0b788a15c2e3adcdb56a26e71325f4707,VALID
Steel,Defective,img_03_425506300_00018.jpg,Steel\Defective\img_03_425506300_00018.jpg,2048,1000,JPEG,fd1c10ade233ee2cd6669f1a60d3a9e1592e2b34bfbbc8fdd2cb6e331a99a1d6,VALID
Steel,Defective,img_03_425506400_00018.jpg,Steel\Defective\img_03_425506400_00018.jpg,2048,1000,JPEG,4c237cf0dbce0842079dfdcab7950dad7d43a81ba2f5266b69e7ea4b4baa0871,VALID
Steel,Defective,img_03_425507000_00018.jpg,Steel\Defective\img_03_425507000_00018.jpg,2048,1000,JPEG,3f59cdaa99d3004ac923b0b547b845d40b2542e310b7b012dc52ce26994c5633,VALID
Steel,Defective,img_03_425507200_00018.jpg,Steel\Defective\img_03_425507200_00018.jpg,2048,1000,JPEG,69ed6f92331c0d1053d3d60a79810e4c05e03e8f7e8baa0ead4c5593ea6cf9b7,VALID
Steel,Defective,img_03_425507400_00018.jpg,Steel\Defective\img_03_425507400_00018.jpg,2048,1000,JPEG,7cee88218b26a30745fa1ea4e31213743c4a06de992f3077a8c8d8df608d7c24,VALID
Steel,Defective,img_03_425508100_00017.jpg,Steel\Defective\img_03_425508100_00017.jpg,2048,1000,JPEG,269a33803b1335380061a80a359bf102f33aeb064a19e227f1069781f8e97655,VALID
Steel,Defective,img_03_425508200_00018.jpg,Steel\Defective\img_03_425508200_00018.jpg,2048,1000,JPEG,e4995dc7fde08ec9b325d7e2316673ab2aeb4c06e0c4e11366718f58e69e1885,VALID
Steel,Defective,img_03_425609500_00001.jpg,Steel\Defective\img_03_425609500_00001.jpg,2048,1000,JPEG,8d6ba0c5298becace6fa329612e4ca51bcb71a5df80deb7fac9acb1d3ee986de,VALID
Steel,Defective,img_03_425609500_00746.jpg,Steel\Defective\img_03_425609500_00746.jpg,2048,1000,JPEG,cd2c7bdae43d6259db0e384fcffbd42e4d4eb69e4a2d1f85d2105ae5b661b176,VALID
Steel,Defective,img_03_425613500_00001.jpg,Steel\Defective\img_03_425613500_00001.jpg,2048,1000,JPEG,599e832819086b92bf4fa43ea2cb4a33879c069b118b26c35302fcc6cea94947,VALID
Steel,Defective,img_03_425613600_00582.jpg,Steel\Defective\img_03_425613600_00582.jpg,2048,1000,JPEG,dc93f3f7e19e86e1be9919c5b59e7ba7e965839644cd1d9571a174b9e053028f,VALID
Steel,Defective,img_03_425613700_00782.jpg,Steel\Defective\img_03_425613700_00782.jpg,2048,1000,JPEG,dd5ea8023b5dec773c743c36e1eba7dfe8298f2335d1d8be1c24a5cb7f877319,VALID
Steel,Defective,img_03_425613800_00786.jpg,Steel\Defective\img_03_425613800_00786.jpg,2048,1000,JPEG,06c7bbdf8247fc6cdb2bdf75652e4af366ba3f3647427602d0bd8f0f34cc1b47,VALID
Steel,Defective,img_03_425614700_00001.jpg,Steel\Defective\img_03_425614700_00001.jpg,2048,1000,JPEG,0da0f5a911ce0853a3363a38c6eeb09465c2be59c8078f3086f6a27e96406936,VALID
Steel,Defective,img_03_425614700_00712.jpg,Steel\Defective\img_03_425614700_00712.jpg,2048,1000,JPEG,9948f274ae8ee2092c5eb325510ca3606e1e36592cce011c606a21e21eebf0d0,VALID
Steel,Defective,img_03_425616200_00001.jpg,Steel\Defective\img_03_425616200_00001.jpg,2048,1000,JPEG,7fa824597c39b6e23ff2b3ff609f333b64ec62c1175a976d320ea76be7853930,VALID
Steel,Defective,img_03_425616500_00769.jpg,Steel\Defective\img_03_425616500_00769.jpg,2048,1000,JPEG,f21c8ef047f78c71bf5252f39fb5d336736ec6c85bb781b2f657f55424342196,VALID
Steel,Defective,img_03_425622700_00002.jpg,Steel\Defective\img_03_425622700_00002.jpg,2048,1000,JPEG,700e77bb45e89dc829c87b133433be9757605044157c93876053ceea3099fbf7,VALID
Steel,Defective,img_03_425637500_00653.jpg,Steel\Defective\img_03_425637500_00653.jpg,2048,1000,JPEG,fc3c8a572e8e0f78815c75f3f4dc98df70849c5e923985754a1616b1b4da0f30,VALID
Steel,Defective,img_03_425637700_00842.jpg,Steel\Defective\img_03_425637700_00842.jpg,2048,1000,JPEG,e3947341f90c5b8b44ec5a829d488844cbf50e799dbd341320ef3468ed125e02,VALID
Steel,Defective,img_03_425637800_00890.jpg,Steel\Defective\img_03_425637800_00890.jpg,2048,1000,JPEG,c99f608afb53095ec99a217ebf3cc142acb0a368d5dd45196745a69fccedf6da,VALID
Steel,Defective,img_03_425638500_00001.jpg,Steel\Defective\img_03_425638500_00001.jpg,2048,1000,JPEG,529c80bb040d0c974ce9259306a93e03f58eafdfd4d79d7440e00b4b3f48450d,VALID
Steel,Defective,img_03_425638500_00716.jpg,Steel\Defective\img_03_425638500_00716.jpg,2048,1000,JPEG,1d12971f7d9e28c56489c95dc5efc863a80d142d096b2624facea2654df047bd,VALID
Steel,Defective,img_03_425639800_00874.jpg,Steel\Defective\img_03_425639800_00874.jpg,2048,1000,JPEG,b22af8c23d4293a7565ee9075765e835006104741a711372a0957d4273ef2963,VALID
Steel,Defective,img_03_425639900_00615.jpg,Steel\Defective\img_03_425639900_00615.jpg,2048,1000,JPEG,921a4d8a6a99aa61b319824870453370960e6fbb575b9dea9ef09bfa7fabdaf6,VALID
Steel,Defective,img_03_425640000_00634.jpg,Steel\Defective\img_03_425640000_00634.jpg,2048,1000,JPEG,44750a1928e74693f6a4be8d5e5ce9249f3dcb41692eb29eb292bfcbf59d77a5,VALID
Steel,Defective,img_03_425640100_00875.jpg,Steel\Defective\img_03_425640100_00875.jpg,2048,1000,JPEG,fa31e5aec0c22ab3ddf84af0342ce01fe2270954d931000b69a63d0c1190f973,VALID
Steel,Defective,img_03_425644100_00594.jpg,Steel\Defective\img_03_425644100_00594.jpg,2048,1000,JPEG,372f5702387aecba6d48222794589b3e04c25125466358017192e11dd1ff55dd,VALID
Steel,Defective,img_03_425644200_00680.jpg,Steel\Defective\img_03_425644200_00680.jpg,2048,1000,JPEG,cd636110694cc705d37ae99a72348383bcf1148346def176f79e5698d5399fd5,VALID
Steel,Defective,img_03_425644600_00001.jpg,Steel\Defective\img_03_425644600_00001.jpg,2048,1000,JPEG,e967b9707f576f7eb163d44d8fcdcfcb627488c55b459d5a50c331966fc37080,VALID
Steel,Defective,img_03_425644600_00003.jpg,Steel\Defective\img_03_425644600_00003.jpg,2048,1000,JPEG,125fa89d76d258cb0927b23a6adf33dfcd2bcb2c9498940ba15155141efb8399,VALID
Steel,Defective,img_03_436068500_00002.jpg,Steel\Defective\img_03_436068500_00002.jpg,2048,1000,JPEG,d3f357e9b556b0a93a65ae76986d1ee69b8c4366c35f0ef5db8ce1d9d98c1f65,VALID
Steel,Defective,img_03_436153600_01213.jpg,Steel\Defective\img_03_436153600_01213.jpg,2048,1000,JPEG,b08fea756d16e4c3fcf017646b5a5d0ecfeeca1a4b8d0ae2fe418fe81a450690,VALID
Steel,Defective,img_03_436156500_01005.jpg,Steel\Defective\img_03_436156500_01005.jpg,2048,1000,JPEG,e93d55899bc72ed0674b5c5af4996cc7bfc0a670ec5136ef441aca4358532ec3,VALID
Steel,Defective,img_03_436164300_00327.jpg,Steel\Defective\img_03_436164300_00327.jpg,2048,1000,JPEG,bf04294c6ac90121e773adf06319cc7050d2265596a91ed6b0cfd8bd9a059ad1,VALID
Steel,Defective,img_03_436164500_00818.jpg,Steel\Defective\img_03_436164500_00818.jpg,2048,1000,JPEG,f45f92df227dd6ea7e9d834f7484e8b69be1f4c94e075164f76c69b4177a7065,VALID
Steel,Defective,img_03_436164500_01130.jpg,Steel\Defective\img_03_436164500_01130.jpg,2048,1000,JPEG,40172753f552a067b762ebdd833b40663c7b743e3f77cb22687cb63c08ecd264,VALID
Steel,Defective,img_03_436164700_00257.jpg,Steel\Defective\img_03_436164700_00257.jpg,2048,1000,JPEG,3b4d849f3af831146a2163906ff1fc7f59ac28d3f20e3695f4321e75aa8bde55,VALID
Steel,Defective,img_03_436185500_00212.jpg,Steel\Defective\img_03_436185500_00212.jpg,2048,1000,JPEG,24db9682a25e0c1d4078fe0c5ee10a7de7feed7bee442d2af7c35d0e811beb10,VALID
Steel,Defective,img_03_4402117000_00003.jpg,Steel\Defective\img_03_4402117000_00003.jpg,2048,1000,JPEG,00c9277295c839a7e333da0124d0a28b476c0c56b95d98624580d8412e7bcd65,VALID
Steel,Defective,img_03_4402117400_00003.jpg,Steel\Defective\img_03_4402117400_00003.jpg,2048,1000,JPEG,aac611ec56cc3fe04405ed8279006fb0ed56b2d4d144716eb8b8212225d35c9f,VALID
Steel,Defective,img_03_4402270500_00004.jpg,Steel\Defective\img_03_4402270500_00004.jpg,2048,1000,JPEG,ba84b2bb387b62f41488273dde46e5bd8a43abf477396eda5fc69d4196609592,VALID
Steel,Defective,img_03_4402329000_00001.jpg,Steel\Defective\img_03_4402329000_00001.jpg,2048,1000,JPEG,f76931834fb23e051f10dad761817c81970eaf7ccc11dd493a95da415cc8e00d,VALID
Steel,Defective,img_03_4402624500_00002.jpg,Steel\Defective\img_03_4402624500_00002.jpg,2048,1000,JPEG,ad3f1ef245e7736a0761a7d15e064a6f7722388e4d6eaafbdc2fb849e9048598,VALID
Steel,Defective,img_03_4402724500_01238.jpg,Steel\Defective\img_03_4402724500_01238.jpg,2048,1000,JPEG,405df587e7534e25edecd460f79feabd3f8a439ffe1dffaef206b41d1f155565,VALID
Steel,Defective,img_03_4402724500_01242.jpg,Steel\Defective\img_03_4402724500_01242.jpg,2048,1000,JPEG,084708bfcfc27972b1403a8c086ba05ed2a52334b2d1397a1208cbfcd31b4afa,VALID
Steel,Defective,img_03_4402724500_01243.jpg,Steel\Defective\img_03_4402724500_01243.jpg,2048,1000,JPEG,0654fba4c2420eca5ce0fe8add3b80ad859590460b1d1770aa42d604d6c87b1f,VALID
Steel,Defective,img_03_4402724500_01245.jpg,Steel\Defective\img_03_4402724500_01245.jpg,2048,1000,JPEG,86c522b65a684b0a49119c44f3ee02e14dd9d9a66d83241981651cd05d90bb66,VALID
Steel,Defective,img_03_4402766900_00001.jpg,Steel\Defective\img_03_4402766900_00001.jpg,2048,1000,JPEG,3a9f5b37897fe5afdee45a2ee4660940b2360f7d9205c25759e9dbe6be71f504,VALID
Steel,Defective,img_03_4403715000_00003.jpg,Steel\Defective\img_03_4403715000_00003.jpg,2048,1000,JPEG,44d3fa4a2729ac65a33454f666f0af765be12360f93ecc7024d74ee0eb6afd29,VALID
Steel,Defective,img_03_4403956700_00007.jpg,Steel\Defective\img_03_4403956700_00007.jpg,2048,1000,JPEG,aa1e7a165f1c5006207a31951d03d96ee856d1330348ee98141269a80f60eae8,VALID
Steel,Defective,img_03_4404374100_01295.jpg,Steel\Defective\img_03_4404374100_01295.jpg,2048,1000,JPEG,02109270aec67a1d44f40be0e5d66193cbf919deeb44ff56f61afbba32416b70,VALID
Steel,Defective,img_03_4404374300_00045.jpg,Steel\Defective\img_03_4404374300_00045.jpg,2048,1000,JPEG,64d00f66b8dc6722c367e92eeb612b314acd0b011d26c2923822fbba83a5936e,VALID
Steel,Defective,img_03_4404612700_00049.jpg,Steel\Defective\img_03_4404612700_00049.jpg,2048,1000,JPEG,1dc6021e2c843d9b47482968b80dc73b262da7396861a71d504bbe11ab9986ef,VALID
Steel,Defective,img_03_4405964400_00010.jpg,Steel\Defective\img_03_4405964400_00010.jpg,2048,1000,JPEG,9c40c629523692454937a75db3724ae8de1ea1cd2e073b511ae5c322f38c7f45,VALID
Steel,Defective,img_03_4405964900_00010.jpg,Steel\Defective\img_03_4405964900_00010.jpg,2048,1000,JPEG,b27a54b6af58e677370b36ffcffd29c524d499172b912443a83bc6093730c283,VALID
Steel,Defective,img_03_4406424600_00002.jpg,Steel\Defective\img_03_4406424600_00002.jpg,2048,1000,JPEG,75912e7e68720679518fb784429f3fc9964324833df07fbc2cd5008e4f7777ab,VALID
Steel,Defective,img_03_4406425000_00001.jpg,Steel\Defective\img_03_4406425000_00001.jpg,2048,1000,JPEG,4d61801b9ce4eaac54025545cf985a8b0683d9c9bcc013e8093da43fce3624e6,VALID
Steel,Defective,img_03_4406425200_00001.jpg,Steel\Defective\img_03_4406425200_00001.jpg,2048,1000,JPEG,7d1cb4f847c499248bbc32b5c6cb1cdba1f96ff6939b9445bcfb8359b6ef55a4,VALID
Steel,Defective,img_03_4406562900_00002.jpg,Steel\Defective\img_03_4406562900_00002.jpg,2048,1000,JPEG,3994886d5c4addb111a782a5ab058cfdf62b9247fcb5e97203750d0e27e45641,VALID
Steel,Defective,img_03_4406742300_00001.jpg,Steel\Defective\img_03_4406742300_00001.jpg,2048,1000,JPEG,d9fcd42278e2913518e1485a0a20279a5797b32729a250de18ba936447bc2008,VALID
Steel,Defective,img_03_4406772100_00001.jpg,Steel\Defective\img_03_4406772100_00001.jpg,2048,1000,JPEG,2845bcc48dc5f2d74143ca3558953d414aff42c973b26f6df35fb7b0dee2157d,VALID
Steel,Defective,img_03_4406783500_00009.jpg,Steel\Defective\img_03_4406783500_00009.jpg,2048,1000,JPEG,cd0d38661834fdd2548482009e53efdbebfeea3611999a7070a33f4e34e53da5,VALID
Steel,Defective,img_03_4406846600_00001.jpg,Steel\Defective\img_03_4406846600_00001.jpg,2048,1000,JPEG,9ccc82c5350262ea7ec5a24c6510e81e9c51d5f23ec25b7373c85a210822e215,VALID
Steel,Defective,img_03_SIS001559_00006.jpg,Steel\Defective\img_03_SIS001559_00006.jpg,2048,1000,JPEG,88283144c215744f7e1c9da0d38ab7799f7fe351eb3d2813446ced4cc95ecb8d,VALID
Steel,Defective,img_05_4402719200_00029.jpg,Steel\Defective\img_05_4402719200_00029.jpg,2048,1000,JPEG,e2b7d207eddb5b36c32aec05a86522a69f443198ccfbd1a6a6af3aa7bfc78519,VALID
Steel,Defective,img_06_3402617500_00787.jpg,Steel\Defective\img_06_3402617500_00787.jpg,2048,1000,JPEG,f9043a42214f866c4d1da5a0fd09968139737ad028a1c36e71976b203c4995c2,VALID
Steel,Defective,img_06_3403328800_01055.jpg,Steel\Defective\img_06_3403328800_01055.jpg,2048,1000,JPEG,1193612d1bfb5774c23c6583c9e09ebab083c2a495b5d6d3ed1fd8224a1bc75d,VALID
Steel,Defective,img_06_3403328900_01020.jpg,Steel\Defective\img_06_3403328900_01020.jpg,2048,1000,JPEG,474cb836fd565f497ff5b84cbba1620b548f0509ddcb6a0e6d343dbb7979cde3,VALID
Steel,Defective,img_06_3403329100_01563.jpg,Steel\Defective\img_06_3403329100_01563.jpg,2048,1000,JPEG,4f2520f8e898902eb43680cca908f6d84600c3545d33c6a33847220096c4a6d8,VALID
Steel,Defective,img_06_3403331800_01590.jpg,Steel\Defective\img_06_3403331800_01590.jpg,2048,1000,JPEG,bbd15ad9f45284fe8a97ecc30e33aeb28e30287ced00ecee11090831f2e743a3,VALID
Steel,Defective,img_06_3403332000_00931.jpg,Steel\Defective\img_06_3403332000_00931.jpg,2048,1000,JPEG,e991744a4387ef1a5cd552378378a097aeda18d6073de5de824e9c2aeda55634,VALID
Steel,Defective,img_06_3403333000_00659.jpg,Steel\Defective\img_06_3403333000_00659.jpg,2048,1000,JPEG,9ff15193f313ec1a063eb467e51a26f3669a274ba2edc47c7c066e9823060da1,VALID
Steel,Defective,img_06_3403333200_00785.jpg,Steel\Defective\img_06_3403333200_00785.jpg,2048,1000,JPEG,8138671a54fb4096a30080fb444bbfc617d7b758613741eed557884649abd96f,VALID
Steel,Defective,img_06_3403333400_00834.jpg,Steel\Defective\img_06_3403333400_00834.jpg,2048,1000,JPEG,d3ba9ee7258333cf8a4d21ab42a6389eedc077116a980f39c9b49a62776eead3,VALID
Steel,Defective,img_06_3403333800_00715.jpg,Steel\Defective\img_06_3403333800_00715.jpg,2048,1000,JPEG,ef82ee5175458ef450e5cddabc96623a0f5f2c5062fee399e02784b6ee1a09c3,VALID
Steel,Defective,img_06_3403333900_00758.jpg,Steel\Defective\img_06_3403333900_00758.jpg,2048,1000,JPEG,2c7aa0f5675e8cef822de1ad58892d87a1eb2702383c9e3baaade5bdd2677480,VALID
Steel,Defective,img_06_3403334000_00839.jpg,Steel\Defective\img_06_3403334000_00839.jpg,2048,1000,JPEG,74f2d3bde2e43a6fa54fcb628d4db27a55109f0d051587570a3ff59dc5df7fce,VALID
Steel,Defective,img_06_3403391400_01266.jpg,Steel\Defective\img_06_3403391400_01266.jpg,2048,1000,JPEG,b184edb4778885d13c3fec15c8c1185d410201276864c7ca0fd79087ddce6ef8,VALID
Steel,Defective,img_06_3403392000_01069.jpg,Steel\Defective\img_06_3403392000_01069.jpg,2048,1000,JPEG,57457addb664c7d8d72a6a6b26f2ae475fca8bbb7d50cfe482b3aee71887838e,VALID
Steel,Defective,img_06_3403392100_00869.jpg,Steel\Defective\img_06_3403392100_00869.jpg,2048,1000,JPEG,a377848929e376d67f3042fbf8eeffa95a9d1bffd75060828d1f1db250f3c2fd,VALID
Steel,Defective,img_06_3403393200_01334.jpg,Steel\Defective\img_06_3403393200_01334.jpg,2048,1000,JPEG,e120804321800d09ae7fa35e43b2bbc43fdcc2f2a1e121083cc15c516732709f,VALID
Steel,Defective,img_06_3403393800_01155.jpg,Steel\Defective\img_06_3403393800_01155.jpg,2048,1000,JPEG,635e3bd006cea6cdbe22e1c1eb4a3de07080890aa731672eae14ea47886e1e5a,VALID
Steel,Defective,img_06_3403394100_01318.jpg,Steel\Defective\img_06_3403394100_01318.jpg,2048,1000,JPEG,4896ca5d2c16e0b99626e255f59aa2bbdc70ebf5567c45ea445b97f4c7bf5434,VALID
Steel,Defective,img_06_3403395200_01004.jpg,Steel\Defective\img_06_3403395200_01004.jpg,2048,1000,JPEG,447ad2222eca5449397ffe47b13bcaa242f94a0215ac5c39981b4dce7147f370,VALID
Steel,Defective,img_06_3403395500_01126.jpg,Steel\Defective\img_06_3403395500_01126.jpg,2048,1000,JPEG,57e36ffb7c8e0bedc60d1082715d8fbc59a08d899a5fb5edcaa9f0a03b38831d,VALID
Steel,Defective,img_06_3403397400_00907.jpg,Steel\Defective\img_06_3403397400_00907.jpg,2048,1000,JPEG,06b233c50dc882dbc163e6eb4698829eedb08b3571dbdeb5fa59751ae1e4f0a6,VALID
Steel,Defective,img_06_3403397600_01060.jpg,Steel\Defective\img_06_3403397600_01060.jpg,2048,1000,JPEG,a1caeb47016fa766c5740cebb5107250ff6d4a83da9026e0e301845120c720af,VALID
Steel,Defective,img_06_3403398200_01043.jpg,Steel\Defective\img_06_3403398200_01043.jpg,2048,1000,JPEG,c1f7db35f094eb6fe7a925ee706de0dc6195582ca7a40191f144f6278e80e00f,VALID
Steel,Defective,img_06_3403398500_01173.jpg,Steel\Defective\img_06_3403398500_01173.jpg,2048,1000,JPEG,089c62747227f90feda9c9cba17a62413aa2ddd89d8b828332b25705593769ba,VALID
Steel,Defective,img_06_3403399100_01155.jpg,Steel\Defective\img_06_3403399100_01155.jpg,2048,1000,JPEG,d510a02213cac5265d96b9addfd46c19584f9bc59ab857ad37bdeedf4ea9fc60,VALID
Steel,Defective,img_06_3403399400_01044.jpg,Steel\Defective\img_06_3403399400_01044.jpg,2048,1000,JPEG,b89c46727e40d205d57424b1d44629fd539db2bee2d8f06f9eda8aefaea74dda,VALID
Steel,Defective,img_06_3403399500_00887.jpg,Steel\Defective\img_06_3403399500_00887.jpg,2048,1000,JPEG,da2a426c95fe842807241367dfd3551bf3896eeb7678842368cb0d1e80d0bcf5,VALID
Steel,Defective,img_06_3403399600_00739.jpg,Steel\Defective\img_06_3403399600_00739.jpg,2048,1000,JPEG,83d6fb952657153baba454cf53ee760862d958a60606deab724fcda171250069,VALID
Steel,Defective,img_06_3403399700_00746.jpg,Steel\Defective\img_06_3403399700_00746.jpg,2048,1000,JPEG,663a040b7fbf3c47f0480bd5bbbb0d41d4020c1769ee8feea140447bae5daf65,VALID
Steel,Defective,img_06_3403399900_01007.jpg,Steel\Defective\img_06_3403399900_01007.jpg,2048,1000,JPEG,dcd3e5cb92ace48ebbcbbf89f2c1ff9600eaaedb8d38c88cad558712addbf35f,VALID
Steel,Defective,img_06_3403400500_00339.jpg,Steel\Defective\img_06_3403400500_00339.jpg,2048,1000,JPEG,06dfc7fcc38e6e673c4569974d90100ed9431ca2b5d69e83a5a8268f77c11f9e,VALID
Steel,Defective,img_06_3403400800_00948.jpg,Steel\Defective\img_06_3403400800_00948.jpg,2048,1000,JPEG,f0e03d2c087473f59bf0c043683d51e6c36e2a6ac7b78e6c53f5e9a8633662e4,VALID
Steel,Defective,img_06_3403401000_00864.jpg,Steel\Defective\img_06_3403401000_00864.jpg,2048,1000,JPEG,ed734db705a52ad8c3252ea06fb7ed4547dec02101e962414e6562928c57f1be,VALID
Steel,Defective,img_06_3403402100_00857.jpg,Steel\Defective\img_06_3403402100_00857.jpg,2048,1000,JPEG,4a5e6d25a5251d3566fd858382b2179e31fa9c5949ee433dce04fa3e7f594d30,VALID
Steel,Defective,img_06_3403403400_00768.jpg,Steel\Defective\img_06_3403403400_00768.jpg,2048,1000,JPEG,01390ccce4316446ff315fe3a2e070080bef059e141ee4fc9f184a4cd8a3a412,VALID
Steel,Defective,img_06_3403403700_00805.jpg,Steel\Defective\img_06_3403403700_00805.jpg,2048,1000,JPEG,3663341ec57c5389872df782cfad9723cf833cdc5b396dedb031194d5fe52315,VALID
Steel,Defective,img_06_3403403800_00910.jpg,Steel\Defective\img_06_3403403800_00910.jpg,2048,1000,JPEG,7c4849e028e9bd53be64dcbe9566171a0925dbcb5187eb7165d6d78e54989c8e,VALID
Steel,Defective,img_06_3403404000_00927.jpg,Steel\Defective\img_06_3403404000_00927.jpg,2048,1000,JPEG,bfd59355db29016c1324948e215d9becdbb973039474e37030751153eb863259,VALID
Steel,Defective,img_06_3403405000_00719.jpg,Steel\Defective\img_06_3403405000_00719.jpg,2048,1000,JPEG,2120bb10d8f5277b9f4f0ab1007b1fa41d3cb89e80fa92edbd5f8194190604d2,VALID
Steel,Defective,img_06_3403405800_00821.jpg,Steel\Defective\img_06_3403405800_00821.jpg,2048,1000,JPEG,5ac78260f2817d4f52a21483ace38a64eb2883dc162bcadffbe0e4bd1cc92cb6,VALID
Steel,Defective,img_06_3403405900_00856.jpg,Steel\Defective\img_06_3403405900_00856.jpg,2048,1000,JPEG,641f7d8def8d46c96d0cb13f29b6d89408983fc82f038e7077d28108371662c6,VALID
Steel,Defective,img_06_3436639700_00756.jpg,Steel\Defective\img_06_3436639700_00756.jpg,2048,1000,JPEG,49d09d3b0ba050607759997d4ccba5a1c4efceba2c183b6ce19c7c8d7d61a022,VALID
Steel,Defective,img_06_3436639700_00760.jpg,Steel\Defective\img_06_3436639700_00760.jpg,2048,1000,JPEG,1e45e7d35a49eaf8d06989c2ec7a43fa47596f2a72427e3295549e52c132b606,VALID
Steel,Defective,img_06_3436642500_00002.jpg,Steel\Defective\img_06_3436642500_00002.jpg,2048,1000,JPEG,f6737f66d870005cdb730d771b22ac475ef503d14db1d42501f5db94bacc2985,VALID
Steel,Defective,img_06_3436786500_00002.jpg,Steel\Defective\img_06_3436786500_00002.jpg,2048,1000,JPEG,2e1b65c222cde870fc8547377f8a61aff87a8a8a4855d26149a9ff83e88a3cb7,VALID
Steel,Defective,img_06_3436786500_00565.jpg,Steel\Defective\img_06_3436786500_00565.jpg,2048,1000,JPEG,e6f1fc48ce582b78dc6d29b0077f22a85d0a09429f1bae15a8de2c6f4b18d959,VALID
Steel,Defective,img_06_3436786500_00578.jpg,Steel\Defective\img_06_3436786500_00578.jpg,2048,1000,JPEG,2b80b93939c61e5a7a9d4845a0f842ff6098271ca486f624d44176c8532ac310,VALID
Steel,Defective,img_06_3436814000_00005.jpg,Steel\Defective\img_06_3436814000_00005.jpg,2048,1000,JPEG,f6ad522af6efaab4ad9ca046c2c2921381cb63162c7679efe1ed4cf41acd606d,VALID
Steel,Defective,img_06_3436814000_00006.jpg,Steel\Defective\img_06_3436814000_00006.jpg,2048,1000,JPEG,2cbb482f9491ba0d432bf7b589bc29b5ebd410dae6396dbea6a45b8b93d47990,VALID
Steel,Defective,img_06_3436814000_00007.jpg,Steel\Defective\img_06_3436814000_00007.jpg,2048,1000,JPEG,bb879918451e4312ae2a4eaaf3d45590704a70a5ef7a60ba24f7600bc5b14195,VALID
Steel,Defective,img_06_3436814000_00008.jpg,Steel\Defective\img_06_3436814000_00008.jpg,2048,1000,JPEG,b3f558ac41318512d248f9188bda31436c083cc02e77ade9de9492229e9aaec4,VALID
Steel,Defective,img_06_3436814000_00009.jpg,Steel\Defective\img_06_3436814000_00009.jpg,2048,1000,JPEG,3a1325f8da80486b5edcbdf0f7904746ebd165c9297153af3d1bea0254f98282,VALID
Steel,Defective,img_06_3436814000_00011.jpg,Steel\Defective\img_06_3436814000_00011.jpg,2048,1000,JPEG,1fd754d2cb0e3d7db9de8e4a334db94b0178596c22792450a39a8e6243142559,VALID
Steel,Defective,img_06_3436814000_00016.jpg,Steel\Defective\img_06_3436814000_00016.jpg,2048,1000,JPEG,3f0fb569c1941dd609a1b994fd5ebf3618f75f91790a001353399c0d27f36d45,VALID
Steel,Defective,img_06_3436814000_00675.jpg,Steel\Defective\img_06_3436814000_00675.jpg,2048,1000,JPEG,1392cf98cbccc262ddbf7e3a44d1a07bf0e203fb155d323a95c3510bad179690,VALID
Steel,Defective,img_06_3436814000_00679.jpg,Steel\Defective\img_06_3436814000_00679.jpg,2048,1000,JPEG,2b44a13c06824289259a6f8b56a2ec6157dd99a4e37a42809260de09834f686e,VALID
Steel,Defective,img_06_3436814000_00681.jpg,Steel\Defective\img_06_3436814000_00681.jpg,2048,1000,JPEG,8b1eedb837d2293dfd7307ac7b63d1695fb6e09bef7e9ecd89d4c93c8649841f,VALID
Steel,Defective,img_06_3436814000_00683.jpg,Steel\Defective\img_06_3436814000_00683.jpg,2048,1000,JPEG,f1077b994cf59ed22cb9a3372551b42668a2d28ccba1538640e5901f5c4eaebb,VALID
Steel,Defective,img_06_3436814000_00686.jpg,Steel\Defective\img_06_3436814000_00686.jpg,2048,1000,JPEG,d592c806d13b2c144de0005b4736d240b3ba0f6aacef7e88725a88611812f103,VALID
Steel,Defective,img_06_3436814000_00687.jpg,Steel\Defective\img_06_3436814000_00687.jpg,2048,1000,JPEG,e596e5da67bc43539415164f9f96dc92c052b580b6a826dba36bcf19d89695e5,VALID
Steel,Defective,img_06_3436814000_00687_1.jpg,Steel\Defective\img_06_3436814000_00687_1.jpg,2048,1000,JPEG,7ab29cb3a4d00d9ce361553feb9c554ca9cd9c62e9b8fe9b32e7dfd5132fbdcf,VALID
Steel,Defective,img_06_3436814000_00688.jpg,Steel\Defective\img_06_3436814000_00688.jpg,2048,1000,JPEG,9034c42cce8ba1288fa198ff72a4b6352fb447539a57938df171375b553328dd,VALID
Steel,Defective,img_06_3436814000_00691.jpg,Steel\Defective\img_06_3436814000_00691.jpg,2048,1000,JPEG,4f35c3a64fbca808b8036db4d1811f47d6fbe7a13b6e2a8972979cdf0b384b6e,VALID
Steel,Defective,img_06_3436814000_00693.jpg,Steel\Defective\img_06_3436814000_00693.jpg,2048,1000,JPEG,de2c28e964bd686916c185257b1be39d0f43ce4062d91a8900ef1b873c1058ff,VALID
Steel,Defective,img_06_3436814600_00007.jpg,Steel\Defective\img_06_3436814600_00007.jpg,2048,1000,JPEG,d510fd7101cc2024481be41fbc7b7095760c0e9577b7e6cc43865ed3a7aac7ef,VALID
Steel,Defective,img_06_3437011100_01183.jpg,Steel\Defective\img_06_3437011100_01183.jpg,2048,1000,JPEG,a2aaf36263ea068127ae0672cc6206c35424fc603c3b429b6adabe65d9f31a5d,VALID
Steel,Defective,img_06_424798500_01234.jpg,Steel\Defective\img_06_424798500_01234.jpg,2048,1000,JPEG,9a833841e7df088f309aee95f052481c5c7507a99ba41ec8c0e463e12449202a,VALID
Steel,Defective,img_06_424799300_01133.jpg,Steel\Defective\img_06_424799300_01133.jpg,2048,1000,JPEG,fa1fea23d56467f1a0bdf99aa2de6f98ca298c54a33b1865fd79374354d53bc3,VALID
Steel,Defective,img_06_424799400_01079.jpg,Steel\Defective\img_06_424799400_01079.jpg,2048,1000,JPEG,f1423f3a0dcb89f22faa7f5eefd611a40e7e5eecff6567c89c21add9094cad8d,VALID
Steel,Defective,img_06_424799500_00921.jpg,Steel\Defective\img_06_424799500_00921.jpg,2048,1000,JPEG,314801f3c05d40438b51ae46d23b9acbb9ae562a9878d5e2da849a0035b1e417,VALID
Steel,Defective,img_06_424826800_00488.jpg,Steel\Defective\img_06_424826800_00488.jpg,2048,1000,JPEG,b0453666a4747e9157ffae42c030136272c79d9eef928e97712b6caa2457842d,VALID
Steel,Defective,img_06_424826800_00490.jpg,Steel\Defective\img_06_424826800_00490.jpg,2048,1000,JPEG,d6a47589753c53097fb9f544c690ad4b3e1759b9907134ddcbc8776f5ea3e3f7,VALID
Steel,Defective,img_06_424826800_00492.jpg,Steel\Defective\img_06_424826800_00492.jpg,2048,1000,JPEG,8e396807ba49a434d63ce9cebe0e4e9168df6753fb51b56d4349eb6737d60d75,VALID
Steel,Defective,img_06_425003700_00968.jpg,Steel\Defective\img_06_425003700_00968.jpg,2048,1000,JPEG,104ca388dbe9ecec78d5dc14fc0fa28aa649fea232f83777df1e36fedc65c6d2,VALID
Steel,Defective,img_06_425501100_00051.jpg,Steel\Defective\img_06_425501100_00051.jpg,2048,1000,JPEG,8a3a52d32e7718620a5a41f53cf69c966327f38a39eec7620ac56b7d6841ffda,VALID
Steel,Defective,img_06_425501700_00053.jpg,Steel\Defective\img_06_425501700_00053.jpg,2048,1000,JPEG,31a3b231792aa16d7cd8d967e123e4439eda65aefd655b7bd26216cbf8bffe58,VALID
Steel,Defective,img_06_425501800_00053.jpg,Steel\Defective\img_06_425501800_00053.jpg,2048,1000,JPEG,b5fcf00885d9884a3486879a58c02660510e595fdb8a38b549487651eb39e1b5,VALID
Steel,Defective,img_06_425501900_00054.jpg,Steel\Defective\img_06_425501900_00054.jpg,2048,1000,JPEG,5eca6614479f9326cecaf43fbf63ba8faabe49715bcd78ab9f8a8f5d19ebae54,VALID
Steel,Defective,img_06_425502100_00053.jpg,Steel\Defective\img_06_425502100_00053.jpg,2048,1000,JPEG,7f96f30d9eac71e529c652005b51bcc2443ed478489ac04474631ce54fc3963a,VALID
Steel,Defective,img_06_425502300_00053.jpg,Steel\Defective\img_06_425502300_00053.jpg,2048,1000,JPEG,dc2adedbd0253b63c666e2e78c9363a533c5833922ea805b9b0d4b8bf9e8ba19,VALID
Steel,Defective,img_06_425502600_00052.jpg,Steel\Defective\img_06_425502600_00052.jpg,2048,1000,JPEG,60cfaaf2d4d416cc237be9a29584a311888edaca38ef66901efc9c0c42a88255,VALID
Steel,Defective,img_06_425502700_00052.jpg,Steel\Defective\img_06_425502700_00052.jpg,2048,1000,JPEG,29c9f4eed56a883122c690124865195c8171825d076b4efda4bedc80a6b0f833,VALID
Steel,Defective,img_06_425502900_00052.jpg,Steel\Defective\img_06_425502900_00052.jpg,2048,1000,JPEG,6c89a1d0acabdce648eb3e8c0378425b0da39f442c2fbb82f1924d027643850e,VALID
Steel,Defective,img_06_425503300_00053.jpg,Steel\Defective\img_06_425503300_00053.jpg,2048,1000,JPEG,985d3d91f94cc87e9917b4a1ef26b499a1f0ca23a7949d6858e6aee726ddf0f8,VALID
Steel,Defective,img_06_425503400_00052.jpg,Steel\Defective\img_06_425503400_00052.jpg,2048,1000,JPEG,612bd301898694b6e072c96345cdbf4e9a8dd837605dc3ecc136a92a569d5159,VALID
Steel,Defective,img_06_425503500_00053.jpg,Steel\Defective\img_06_425503500_00053.jpg,2048,1000,JPEG,f3cdd96828bb6e42ee0959a2d187502a02cf6144c2c04dd8eb06568d4adeccc8,VALID
Steel,Defective,img_06_425503600_00053.jpg,Steel\Defective\img_06_425503600_00053.jpg,2048,1000,JPEG,0250240a1b84592015e6522572e292a5baaf9c9b501d7acad64f1dd8c148cd58,VALID
Steel,Defective,img_06_425503800_00052.jpg,Steel\Defective\img_06_425503800_00052.jpg,2048,1000,JPEG,784b215e2a707e0333cbf000b1611a23ff8fb5e283e684f0e8fd35fc6ef606c1,VALID
Steel,Defective,img_06_425504800_00053.jpg,Steel\Defective\img_06_425504800_00053.jpg,2048,1000,JPEG,f569a0b0312e1acc69d1a35213538190e1327de40d80bb4ac35bfc674e609033,VALID
Steel,Defective,img_06_425504900_00051.jpg,Steel\Defective\img_06_425504900_00051.jpg,2048,1000,JPEG,cf4be1f7f36544d1718e7ba2559e1dae48ea12ae38cc15615c12a14901b1a6ec,VALID
Steel,Defective,img_06_425505000_00050.jpg,Steel\Defective\img_06_425505000_00050.jpg,2048,1000,JPEG,17ba6e1ae754dbea119e2bcfe1c12063f7521a7291d82ba8151ed1ab51512112,VALID
Steel,Defective,img_06_425505100_00052.jpg,Steel\Defective\img_06_425505100_00052.jpg,2048,1000,JPEG,15c0f83ac7c8d6f999e392f93d8ba48a5c0afa852e1e773e527daf068968be77,VALID
Steel,Defective,img_06_425505400_00052.jpg,Steel\Defective\img_06_425505400_00052.jpg,2048,1000,JPEG,1d8891ac7f4f042dee3ac03ae0f72f13268c34052b7fe2dd182420c04522d815,VALID
Steel,Defective,img_06_425505500_00051.jpg,Steel\Defective\img_06_425505500_00051.jpg,2048,1000,JPEG,db9dafb0f9568e83d838ef396c0f02583b6691f9109f905f9747b393b5feb1fe,VALID
Steel,Defective,img_06_425505500_00052.jpg,Steel\Defective\img_06_425505500_00052.jpg,2048,1000,JPEG,f001a07f3da825b5699f38a25fc656b4f0059ba403174da38aca4013cb438bf1,VALID
Steel,Defective,img_06_425505700_00053.jpg,Steel\Defective\img_06_425505700_00053.jpg,2048,1000,JPEG,619fd4f5c19038c24af717fb4aba43f006a63346a32a251391e2d4ff09f4e783,VALID
Steel,Defective,img_06_425505900_00054.jpg,Steel\Defective\img_06_425505900_00054.jpg,2048,1000,JPEG,7643e81154443e2d670705d0b0a607d5a1b4bfd008b793f4163216f38d0fbd3f,VALID
Steel,Defective,img_06_425506100_00051.jpg,Steel\Defective\img_06_425506100_00051.jpg,2048,1000,JPEG,c35a8a0ce2d767f6863847260f8ff82a885b05ef0d0149cd33fb86d3d6f9f387,VALID
Steel,Defective,img_06_425506300_00054.jpg,Steel\Defective\img_06_425506300_00054.jpg,2048,1000,JPEG,58770c4cad7c73ea40bf7ff20a8296b1795d1815b7affe0d833e412760cd61ba,VALID
Steel,Defective,img_06_425506400_00054.jpg,Steel\Defective\img_06_425506400_00054.jpg,2048,1000,JPEG,e184b66e9a8f65721ccebf6fd79ecd719a03fb676a8718ae5bc40d46e3683763,VALID
Steel,Defective,img_06_425506600_00054.jpg,Steel\Defective\img_06_425506600_00054.jpg,2048,1000,JPEG,8252e980290b729e7a7a2d2eb4e9c1030fdff86c712be2c29fac45265fd9725f,VALID
Steel,Defective,img_06_425506800_00054.jpg,Steel\Defective\img_06_425506800_00054.jpg,2048,1000,JPEG,086f3731be6f7ed5ba3a5db5b283997ab37c82a7be07857d407a70b251e3ca1b,VALID
Steel,Defective,img_06_425507000_00054.jpg,Steel\Defective\img_06_425507000_00054.jpg,2048,1000,JPEG,3a3f2c08423af2113a993e39e0dcee28fa360410c6d7e3cfec75329753b97d7a,VALID
Steel,Defective,img_06_425507200_00054.jpg,Steel\Defective\img_06_425507200_00054.jpg,2048,1000,JPEG,37d9cc80efe584240a817b5f67dad434452fef40f1119edebd4f8f8253807e45,VALID
Steel,Defective,img_06_425507400_00053.jpg,Steel\Defective\img_06_425507400_00053.jpg,2048,1000,JPEG,83bca65d9f1b0adf8ad5d094aec495638afa781c7a953fc5b9c2e1358b463936,VALID
Steel,Defective,img_06_425507600_00053.jpg,Steel\Defective\img_06_425507600_00053.jpg,2048,1000,JPEG,8a8596653d0b8edd5d4f475f03c7c008e59b56bdb1466f3fed4dfadb1157123f,VALID
Steel,Defective,img_06_425508100_00054.jpg,Steel\Defective\img_06_425508100_00054.jpg,2048,1000,JPEG,1d5ba6c5d2a2e22918e11e2063939638c19bac63bf1c64aa59065d4b932353d3,VALID
Steel,Defective,img_06_425508200_00053.jpg,Steel\Defective\img_06_425508200_00053.jpg,2048,1000,JPEG,4ac8a777cd88772460cfabe7c2e07c06fa11d57a7b7fc9d4b25f9e02605ee185,VALID
Steel,Defective,img_06_425508300_00054.jpg,Steel\Defective\img_06_425508300_00054.jpg,2048,1000,JPEG,6d1491cc5ae8ea1f5dd451f3950c93c05e324488837c10f00457c4709b8b96a4,VALID
Steel,Defective,img_06_425508700_00053.jpg,Steel\Defective\img_06_425508700_00053.jpg,2048,1000,JPEG,1a995203b385573840b30b62193c13acf1cb15e6726f3d2a8b73035bcc75b086,VALID
Steel,Defective,img_06_425608200_00007.jpg,Steel\Defective\img_06_425608200_00007.jpg,2048,1000,JPEG,752cd0e34d12648f88e3931582ba6d169e1ab78ecb9b96d51cc5741413407b37,VALID
Steel,Defective,img_06_427199900_00007.jpg,Steel\Defective\img_06_427199900_00007.jpg,2048,1000,JPEG,86b85977ac64c639b541e845dd59d60bf210e02ebbecaad2ba9aaa1bec1a3f67,VALID
Steel,Defective,img_06_427199900_01016.jpg,Steel\Defective\img_06_427199900_01016.jpg,2048,1000,JPEG,dba9407d70fbdca09f421b37d98ce14948e29402882f21c1e216f870165aed0b,VALID
Steel,Defective,img_06_427199900_01134.jpg,Steel\Defective\img_06_427199900_01134.jpg,2048,1000,JPEG,146860d338bd28effecbb68e28e2999c2349572f3245c7f09aaa989e83c4e1b3,VALID
Steel,Defective,img_06_430103100_01149.jpg,Steel\Defective\img_06_430103100_01149.jpg,2048,1000,JPEG,1a056c74436c142b5b2e34e7dffb3c97e7a2b26bea4e163206ad28c0f40e12eb,VALID
Steel,Defective,img_06_430103100_01150.jpg,Steel\Defective\img_06_430103100_01150.jpg,2048,1000,JPEG,034976881cfecd45fb0019acc6ff680d27812408ceefade0ada9b9d808e7d7cd,VALID
Steel,Defective,img_06_436164300_00003.jpg,Steel\Defective\img_06_436164300_00003.jpg,2048,1000,JPEG,d011a253d5b99b6ed0ae13159718593b052302f93139364c3da7042de4146b4d,VALID
Steel,Defective,img_06_436164300_00004.jpg,Steel\Defective\img_06_436164300_00004.jpg,2048,1000,JPEG,f472a1dd8c092606563f64aa3fe1086f49ea15cbf7336fe4f6c271f160e7c25e,VALID
Steel,Defective,img_06_436164700_01537.jpg,Steel\Defective\img_06_436164700_01537.jpg,2048,1000,JPEG,911e7a2c60df42fa8813adc2d7b62ecd26439a4521cbed6fa811263f54f3778b,VALID
Steel,Defective,img_06_436164700_01556.jpg,Steel\Defective\img_06_436164700_01556.jpg,2048,1000,JPEG,3c085f2beb6aef6c137227f2cd62e8f98ed16e061cf6732efb6f4f02e052f813,VALID
Steel,Defective,img_06_436185800_00723.jpg,Steel\Defective\img_06_436185800_00723.jpg,2048,1000,JPEG,9c45a5d11e199f179b0c9b357cad8142e81d4dcf1a345f76081924a69adc615d,VALID
Steel,Defective,img_06_436185800_00727.jpg,Steel\Defective\img_06_436185800_00727.jpg,2048,1000,JPEG,bb87cdfea39c9f2550a99a8600598d970318233a877b82c5417f83546bde5f06,VALID
Steel,Defective,img_06_436185800_00731.jpg,Steel\Defective\img_06_436185800_00731.jpg,2048,1000,JPEG,4aee2f23b2841af834a1912280721340ac2f7849a008549a79a6b6f4dbb09fba,VALID
Steel,Defective,img_06_436185800_00735.jpg,Steel\Defective\img_06_436185800_00735.jpg,2048,1000,JPEG,8281aaf8827ab0bfe2c0b865daeeaa3ce46a157c7278910856ab9242a1beb48b,VALID
Steel,Defective,img_06_4402719100_00020.jpg,Steel\Defective\img_06_4402719100_00020.jpg,2048,1000,JPEG,5ba36099c3e2188b4ab97ea13bf226d14e2b5e78fe8b8e73871617d9ab567421,VALID
Steel,Defective,img_06_4402719200_00017.jpg,Steel\Defective\img_06_4402719200_00017.jpg,2048,1000,JPEG,2982326fd298165308d46921f000f0bf13f10b11becf681a78ff9b8348323bc5,VALID
Steel,Defective,img_06_4402830700_01162.jpg,Steel\Defective\img_06_4402830700_01162.jpg,2048,1000,JPEG,5700e70a5b290129add7d63b6e7c01ed49ba5e01ceb161f5b7ba7f6b3e9ae228,VALID
Steel,Defective,img_06_4404374100_01306.jpg,Steel\Defective\img_06_4404374100_01306.jpg,2048,1000,JPEG,664e80dd5670395ba2238f569d15c6fdf386082c8e96434f50cdf929be695522,VALID
Steel,Defective,img_06_4404374100_01337.jpg,Steel\Defective\img_06_4404374100_01337.jpg,2048,1000,JPEG,2535f95a07b140f5a867693f8532fd24faf92b13767d5f3cec3724b873ff14c0,VALID
Steel,Defective,img_06_4404374100_01350.jpg,Steel\Defective\img_06_4404374100_01350.jpg,2048,1000,JPEG,7cdd685a74f029a59965c3bb06950f1854e2d0191a783e697585a5cdca8cd295,VALID
Steel,Defective,img_06_4404580000_00741.jpg,Steel\Defective\img_06_4404580000_00741.jpg,2048,1000,JPEG,c4be63399a1d849f02f92bc80bd4f81013262e437c9ef078d429c7e010b4316b,VALID
Steel,Defective,img_06_4404616100_00947.jpg,Steel\Defective\img_06_4404616100_00947.jpg,2048,1000,JPEG,3e46cf3bd9fdf6e80454c4cb964aa8096b6d1e09bd282eedac2e0e308a44c4a9,VALID
Steel,Defective,img_06_4405133600_00034.jpg,Steel\Defective\img_06_4405133600_00034.jpg,2048,1000,JPEG,aa06fd44c1b88faceaa768a5fc788a7dee1bb1a54f5f40baeae928a88c47253e,VALID
Steel,Defective,img_06_4405133600_00035.jpg,Steel\Defective\img_06_4405133600_00035.jpg,2048,1000,JPEG,4b6f9382f1bbae6d64aa781b858d6664c739d53e579519113e80d21e0c48ecfa,VALID
Steel,Defective,img_06_4405133600_00921.jpg,Steel\Defective\img_06_4405133600_00921.jpg,2048,1000,JPEG,323844145a7e33c7d65befcf7685d3d665b3932c8e28276e521dfad1e6a97946,VALID
Steel,Defective,img_06_4405377100_00032.jpg,Steel\Defective\img_06_4405377100_00032.jpg,2048,1000,JPEG,b69ec37566a0b82dcc2a40d01f4143146a1b94b336abe5ef0d069656bafbdab1,VALID
Steel,Defective,img_06_4406424300_00002.jpg,Steel\Defective\img_06_4406424300_00002.jpg,2048,1000,JPEG,1818985c3c00a20b1d3dbf65758ad2227b43387dff8c0bbfaef21b0edeedc892,VALID
Steel,Defective,img_06_4406424500_00002.jpg,Steel\Defective\img_06_4406424500_00002.jpg,2048,1000,JPEG,08df1e8bf9eb25550a0fb1f126597269239aba46f39418f0cf99a71c00d1948f,VALID
Steel,Defective,img_06_4406424700_00001.jpg,Steel\Defective\img_06_4406424700_00001.jpg,2048,1000,JPEG,c2fb3ab35b728d2a67654b572c9f9879d88aa7cf391d9e7bc236e90bf32a2c20,VALID
Steel,Defective,img_06_4406772100_00002.jpg,Steel\Defective\img_06_4406772100_00002.jpg,2048,1000,JPEG,820480632fedd310c1f498c637406f6df814ee76907ac22f5c17263ea84a7d8c,VALID
Steel,Defective,img_06_4406783500_00003.jpg,Steel\Defective\img_06_4406783500_00003.jpg,2048,1000,JPEG,8aa763143865c0c955b106da2a46c12402082f2e3914b5473e456a4cf93aefda,VALID
Steel,Defective,img_07_3402616100_00001.jpg,Steel\Defective\img_07_3402616100_00001.jpg,2048,1000,JPEG,f74d7304bd12b7727f3b1e7221f25094844e0de19dfac18b714ffb1a5785c396,VALID
Steel,Defective,img_07_3402617400_01102.jpg,Steel\Defective\img_07_3402617400_01102.jpg,2048,1000,JPEG,0315981256947c2da0f76aa928398561a9bd72206557711bca3cdb164169bfb9,VALID
Steel,Defective,img_07_3403334300_00854.jpg,Steel\Defective\img_07_3403334300_00854.jpg,2048,1000,JPEG,bd31053ed03e5effec5a4ec3a00393cdccb92a8cb25951778e0469696253b6b4,VALID
Steel,Defective,img_07_3403334600_00682.jpg,Steel\Defective\img_07_3403334600_00682.jpg,2048,1000,JPEG,ddc78446f2b33d1b4de5c45be426200ddd926fe49cf932aba3ea42178def64d0,VALID
Steel,Defective,img_07_3403334800_00898.jpg,Steel\Defective\img_07_3403334800_00898.jpg,2048,1000,JPEG,31161d4df9ab0bfceb012b6579551096e609f1db84f04ced9d46b554ed18bd83,VALID
Steel,Defective,img_07_3403334900_00596.jpg,Steel\Defective\img_07_3403334900_00596.jpg,2048,1000,JPEG,47432a6ed4d62499ccfb715c875a28a08b4d68ee53fc6f7e4f89efd4fd1d6e0f,VALID
Steel,Defective,img_07_3403335000_01066.jpg,Steel\Defective\img_07_3403335000_01066.jpg,2048,1000,JPEG,fe68d1e58b5c1b121b2b45cf54e89cbd87f40df3e81cbe7a00fa36b9872c186f,VALID
Steel,Defective,img_07_3403335200_00806.jpg,Steel\Defective\img_07_3403335200_00806.jpg,2048,1000,JPEG,ccafd527215234c2043ced5860d978906469fc737735be53f632d6ee678e70bc,VALID
Steel,Defective,img_07_3403335500_00710.jpg,Steel\Defective\img_07_3403335500_00710.jpg,2048,1000,JPEG,328ee7559a5b4e07aede0a94a5331551121c45f63dc49dd7cacc3ec94d4331e3,VALID
Steel,Defective,img_07_3403335600_00795.jpg,Steel\Defective\img_07_3403335600_00795.jpg,2048,1000,JPEG,943b2b89dfdc54c4fead5988ef06baedf191e1486aecdbcf9fcdf9dc5f9d1cea,VALID
Steel,Defective,img_07_3436785900_00004.jpg,Steel\Defective\img_07_3436785900_00004.jpg,2048,1000,JPEG,f90e5e77eaa9fb4cd420fa939ad43d6df7d64dde872ecedbc02556550f8d6b3b,VALID
Steel,Defective,img_07_3436786500_00002.jpg,Steel\Defective\img_07_3436786500_00002.jpg,2048,1000,JPEG,c0f5b549c3469f80cb25c26e1c43a77dceb28b961d991f3308fdf8b99fa4792b,VALID
Steel,Defective,img_07_3436814000_00005.jpg,Steel\Defective\img_07_3436814000_00005.jpg,2048,1000,JPEG,8dcd054c1ff115c6747e4c1728ceae008f07c82be1d78907a533d1ba80026ef2,VALID
Steel,Defective,img_07_3436814000_00006.jpg,Steel\Defective\img_07_3436814000_00006.jpg,2048,1000,JPEG,36b82534af8990e448ec5d8f9dc8fc69786ccd07a3472df47c2955f8e2d9a759,VALID
Steel,Defective,img_07_3436814000_00007.jpg,Steel\Defective\img_07_3436814000_00007.jpg,2048,1000,JPEG,9037b2e9d4d934b8986841a3a5fc496c979680291dd0150c06436306cf57df69,VALID
Steel,Defective,img_07_3436814000_00009.jpg,Steel\Defective\img_07_3436814000_00009.jpg,2048,1000,JPEG,9720527bd13b4b76b68fff9da7a5437384f9cd11c60ac5f8fd45247c6ba9e853,VALID
Steel,Defective,img_07_3436814000_00010.jpg,Steel\Defective\img_07_3436814000_00010.jpg,2048,1000,JPEG,cbd221f5601f68ee52cee7771d65c14fb656704970e77656ab78def718a91437,VALID
Steel,Defective,img_07_3436814000_00011.jpg,Steel\Defective\img_07_3436814000_00011.jpg,2048,1000,JPEG,92738341285a1492e27a986768297b87ee0e8de4cb34178a6996951d4912a94f,VALID
Steel,Defective,img_07_3436814000_00016.jpg,Steel\Defective\img_07_3436814000_00016.jpg,2048,1000,JPEG,c4caf92bbd41c24f467a748f23a8d60bf3dd4679e1b5ce71c3a80180500524a2,VALID
Steel,Defective,img_07_3436814000_00020.jpg,Steel\Defective\img_07_3436814000_00020.jpg,2048,1000,JPEG,1457f366c490d92f04240faeddf81389caeeeea80a4668a9c2d46765f104c50d,VALID
Steel,Defective,img_07_3436814000_00676.jpg,Steel\Defective\img_07_3436814000_00676.jpg,2048,1000,JPEG,7ca413816eb98cd4c97b52575ef8774dc3da0f119518046914ca2d1abd71216b,VALID
Steel,Defective,img_07_3436814000_00679.jpg,Steel\Defective\img_07_3436814000_00679.jpg,2048,1000,JPEG,7d0156cd74737e5562be70abb82d337834c4d9a579e1f723c3044062b1f1d6d4,VALID
Steel,Defective,img_07_3436814000_00680.jpg,Steel\Defective\img_07_3436814000_00680.jpg,2048,1000,JPEG,49c68673a987997907845d8e0a1a6e37e92025359c01d4b61fd0524805098875,VALID
Steel,Defective,img_07_3436814000_00684.jpg,Steel\Defective\img_07_3436814000_00684.jpg,2048,1000,JPEG,9c0fb63c199943fdf9a5bcae3874af46da81e08d6388a09498471e1b59a40d87,VALID
Steel,Defective,img_07_3436814000_00691.jpg,Steel\Defective\img_07_3436814000_00691.jpg,2048,1000,JPEG,c474d69a777e89fed68ae83b2375bfa496e36e9db9721d5f1906b25e564b3575,VALID
Steel,Defective,img_07_3436814000_00692.jpg,Steel\Defective\img_07_3436814000_00692.jpg,2048,1000,JPEG,12e85b30da911ca83a7a2ec2f9b03e3d8259839ec94ee3a2d4091bb0bfe62acb,VALID
Steel,Defective,img_07_3436814000_00693.jpg,Steel\Defective\img_07_3436814000_00693.jpg,2048,1000,JPEG,8b822394f761bf8844f74ef44387c0a023849084486664031422cd0bb93b5adb,VALID
Steel,Defective,img_07_3436814000_00694.jpg,Steel\Defective\img_07_3436814000_00694.jpg,2048,1000,JPEG,b77209e4c2294001dd01e7425547aacb969ca1170a43d88700f19ca61337c909,VALID
Steel,Defective,img_07_3437006500_00761.jpg,Steel\Defective\img_07_3437006500_00761.jpg,2048,1000,JPEG,68d137df1701bffa039107a6f944052fc8e70b8c602f34d08458a7136c3eee5a,VALID
Steel,Defective,img_07_3437011100_00683.jpg,Steel\Defective\img_07_3437011100_00683.jpg,2048,1000,JPEG,c4d6cc490efb590af9b01c6054e2fa19bcfd3007878612ceaf1e95a5d836410f,VALID
Steel,Defective,img_07_3437011100_00684.jpg,Steel\Defective\img_07_3437011100_00684.jpg,2048,1000,JPEG,7082cd4d762c3ee615891345173aaec544229e73588db11582b670ca8b54298b,VALID
Steel,Defective,img_07_3437011100_00685.jpg,Steel\Defective\img_07_3437011100_00685.jpg,2048,1000,JPEG,0d49b47c63c5493c150865792773325e948fe40b509d43660320464810bbcec9,VALID
Steel,Defective,img_07_3437011100_00686.jpg,Steel\Defective\img_07_3437011100_00686.jpg,2048,1000,JPEG,5973ee178aa0aefe8b423312888323e7401da75bd057b9126d196650c5ed5c07,VALID
Steel,Defective,img_07_3437011100_00688.jpg,Steel\Defective\img_07_3437011100_00688.jpg,2048,1000,JPEG,f19ec14c11f9af85bcf1c3e1a3279df817db34abb99307b9b8d2cc3924971aba,VALID
Steel,Defective,img_07_3437011100_00693.jpg,Steel\Defective\img_07_3437011100_00693.jpg,2048,1000,JPEG,5463aa225b0a68bff37999613b3d868951b9aabfc2d93913059113c48b605ba0,VALID
Steel,Defective,img_07_3437011100_01183.jpg,Steel\Defective\img_07_3437011100_01183.jpg,2048,1000,JPEG,3060cf6c325f19f040042a148123eb346e455fdc4529dc5d9530cf4c724006a0,VALID
Steel,Defective,img_07_425502900_00052.jpg,Steel\Defective\img_07_425502900_00052.jpg,2048,1000,JPEG,c32971a3151adbcbb5cd77bd10c0bf865fdee9a8b284b3f734eb48577246a37c,VALID
Steel,Defective,img_07_427199900_00007.jpg,Steel\Defective\img_07_427199900_00007.jpg,2048,1000,JPEG,13d51cd981d8d10b49025f8e7c97c9d472bafab6b55185075c4a7049a833abf1,VALID
Steel,Defective,img_07_427199900_00008.jpg,Steel\Defective\img_07_427199900_00008.jpg,2048,1000,JPEG,0e3673d5d0987ab452a0a34548bea7147c3f20c11717891b8f88ba189ae55fba,VALID
Steel,Defective,img_07_427199900_01135.jpg,Steel\Defective\img_07_427199900_01135.jpg,2048,1000,JPEG,ae7fa7e7fbfec7bc5ce6c2bf7e9b94ab31aeb29a5aba099cb0fa678642e34bf9,VALID
Steel,Defective,img_07_435974600_00226.jpg,Steel\Defective\img_07_435974600_00226.jpg,2048,1000,JPEG,6e733bd85d77bb3d04bad1f6653c334b5c17d6d81cd517474fddcf48363b53dd,VALID
Steel,Defective,img_07_435974600_00227.jpg,Steel\Defective\img_07_435974600_00227.jpg,2048,1000,JPEG,d46e6b3de10b7852a51920b1a77b76d7f3c1992717010c7ad1f88f6988ba5492,VALID
Steel,Defective,img_07_435974600_00230.jpg,Steel\Defective\img_07_435974600_00230.jpg,2048,1000,JPEG,4859a4961618c6f186619d42612b956ae5eee8d4824f9794023acae0e7207c47,VALID
Steel,Defective,img_07_436163600_00084.jpg,Steel\Defective\img_07_436163600_00084.jpg,2048,1000,JPEG,0833c6b7729fff1d36e2122e2df169ed06b760db4098a72cd8ac5525ccd9b98e,VALID
Steel,Defective,img_07_436163600_00085.jpg,Steel\Defective\img_07_436163600_00085.jpg,2048,1000,JPEG,d3d8c9986201ca7d4b23613870452840e33683d961985dfad2c01e56eccc5a28,VALID
Steel,Defective,img_07_436163600_01161.jpg,Steel\Defective\img_07_436163600_01161.jpg,2048,1000,JPEG,6e6549e8751f4c0b639eff05fdd133236d3c6d2676ace88d238b985676290e45,VALID
Steel,Defective,img_07_436163600_01161_1.jpg,Steel\Defective\img_07_436163600_01161_1.jpg,2048,1000,JPEG,2c2c1e35a34323c2133ab7e7ae3c5dbdbe0c111c806c3ba6c13cbeeee31d5b33,VALID
Steel,Defective,img_07_436164500_01565.jpg,Steel\Defective\img_07_436164500_01565.jpg,2048,1000,JPEG,a2ce76002c0ec447d83dca498fe241111e48de1dc8d251ea5ac66f94e38ad077,VALID
Steel,Defective,img_07_436164700_01536.jpg,Steel\Defective\img_07_436164700_01536.jpg,2048,1000,JPEG,d230a65a55bb5e76460c14ba071590c686106c0286f954c63c4f7dd59a6b6c91,VALID
Steel,Defective,img_07_436164700_01537.jpg,Steel\Defective\img_07_436164700_01537.jpg,2048,1000,JPEG,10ae10e54100db60b709ad5f8672e3381bb1c9178aa02bde9b11ee8b9e3757e8,VALID
Steel,Defective,img_07_436164700_01538.jpg,Steel\Defective\img_07_436164700_01538.jpg,2048,1000,JPEG,7b05576f52a83d523c1c4edd0da3206eba689819df88680d9008cff94acb8931,VALID
Steel,Defective,img_07_436164700_01539.jpg,Steel\Defective\img_07_436164700_01539.jpg,2048,1000,JPEG,0fe18b8208650001e4360ef02471ce9933159aadac4d0ff86ba7702ce346c935,VALID
Steel,Defective,img_07_436164700_01545.jpg,Steel\Defective\img_07_436164700_01545.jpg,2048,1000,JPEG,f9030e46a1b7cd5a4ef1eadf136c63bd7d08b193ab624b3cc7bfc3dda93f2d78,VALID
Steel,Defective,img_07_436164700_01551.jpg,Steel\Defective\img_07_436164700_01551.jpg,2048,1000,JPEG,a571fc1e2eefd41a0b15af05b2e7a5fc4b8f86635e972a1f4ec944e074c130a5,VALID
Steel,Defective,img_07_436164700_01552.jpg,Steel\Defective\img_07_436164700_01552.jpg,2048,1000,JPEG,4912f56c5fb4c7182f217e5725c9cbacb06cdebd92d354edea5df6c376a1f017,VALID
Steel,Defective,img_07_436164700_01555.jpg,Steel\Defective\img_07_436164700_01555.jpg,2048,1000,JPEG,3ca313023b1dbab23847a16d2d6205bdf265fcf6a2360f2e44377775630a9b96,VALID
Steel,Defective,img_07_436165200_00706.jpg,Steel\Defective\img_07_436165200_00706.jpg,2048,1000,JPEG,5440b026d04eb6f516f45c6365c0ed2a1bda76c73e67c04155cc1054039a71f6,VALID
Steel,Defective,img_07_4402719100_00014.jpg,Steel\Defective\img_07_4402719100_00014.jpg,2048,1000,JPEG,20ddb0a2ae76c4a4c6eda0dbbc494eb276f88618270c86669e4f43c71d009d21,VALID
Steel,Defective,img_07_4402719100_00025.jpg,Steel\Defective\img_07_4402719100_00025.jpg,2048,1000,JPEG,05608c9a00086ce457065ddc289d8fcf3dea73aa4bb57b6ae2d8fe09e91d434f,VALID
Steel,Defective,img_07_4402719100_00026.jpg,Steel\Defective\img_07_4402719100_00026.jpg,2048,1000,JPEG,99637e19cd93985e1e4833c8d5cc88280ec4e310908c9359256b9fe48bc58866,VALID
Steel,Defective,img_07_4402719200_00026.jpg,Steel\Defective\img_07_4402719200_00026.jpg,2048,1000,JPEG,90df33f5d1be70ec750d8041e904e564b49cb04bca51cd87277316275597b49e,VALID
Steel,Defective,img_07_4402719500_00001.jpg,Steel\Defective\img_07_4402719500_00001.jpg,2048,1000,JPEG,95cc95c10958addb133ea3e6d87dd1bcca654e075642b82762be75fb4fd0c7bb,VALID
Steel,Defective,img_07_4404374100_01265.jpg,Steel\Defective\img_07_4404374100_01265.jpg,2048,1000,JPEG,73866b2b5516f61411f64778bbdd92772b335a5b31de9a9eb895cc958673dd1c,VALID
Steel,Defective,img_07_4404374100_01279.jpg,Steel\Defective\img_07_4404374100_01279.jpg,2048,1000,JPEG,a01761383910d027df30813bab7110b8356cc4791572e46e0c5d85839cef659b,VALID
Steel,Defective,img_07_4404374100_01315.jpg,Steel\Defective\img_07_4404374100_01315.jpg,2048,1000,JPEG,fddc5f28de8c7044fab8306cba09aa20caec11be0320f3bbb82b792e9a636d45,VALID
Steel,Defective,img_07_4404374100_01321.jpg,Steel\Defective\img_07_4404374100_01321.jpg,2048,1000,JPEG,0283b0e8eab798b3a4cf347c5934e6aeac201fda315f86b559dcfa7b0de5130c,VALID
Steel,Defective,img_07_4404374100_01338.jpg,Steel\Defective\img_07_4404374100_01338.jpg,2048,1000,JPEG,87046c4b9038b2e6cbbd882cce24cafdc191f3ccb75d58cc03de62c4b4039cfc,VALID
Steel,Defective,img_07_4404374100_01348.jpg,Steel\Defective\img_07_4404374100_01348.jpg,2048,1000,JPEG,a4d42e510f5a80ea35dd31284d6538792b671969ed99546477417f4502ae6a7a,VALID
Steel,Defective,img_07_4404374100_01349.jpg,Steel\Defective\img_07_4404374100_01349.jpg,2048,1000,JPEG,617085318854a5e0c8f57f8dd8db93f8cbc9a583d578bca1523f8ca4114fa093,VALID
Steel,Defective,img_07_4404374100_01367.jpg,Steel\Defective\img_07_4404374100_01367.jpg,2048,1000,JPEG,ead31f2d4b6999091bcf36267994a772952174772611535617470a5915a4f1b6,VALID
Steel,Defective,img_07_4404712100_01000.jpg,Steel\Defective\img_07_4404712100_01000.jpg,2048,1000,JPEG,60a238a9f87ff3d83b3d6f06c95e67bcb8a5b251a895c89cab6553965e603d00,VALID
Steel,Defective,img_07_4405133600_00033.jpg,Steel\Defective\img_07_4405133600_00033.jpg,2048,1000,JPEG,0c61f99be7c85a8708693be08db485a6317116ff2112cb5c5e80685ab702f49f,VALID
Steel,Defective,img_07_4405133600_00034.jpg,Steel\Defective\img_07_4405133600_00034.jpg,2048,1000,JPEG,3b93dff1c4be13b0f68a24c1e3a3840796911afcd6719062ceeafd41d2e1728b,VALID
Steel,Defective,img_07_4405133600_00036.jpg,Steel\Defective\img_07_4405133600_00036.jpg,2048,1000,JPEG,3802e8961bee227a723f7a1b37f738da82f9fb9a5b49d14cb5e1350d4a22b192,VALID
Steel,Defective,img_07_4405133600_00039.jpg,Steel\Defective\img_07_4405133600_00039.jpg,2048,1000,JPEG,3ded53fb92c201f642abaf37b5adc82fb8f7de55ff0694eac6a06d442562ddad,VALID
Steel,Defective,img_07_4405133600_00042.jpg,Steel\Defective\img_07_4405133600_00042.jpg,2048,1000,JPEG,645f4b76a05532c31e60b8acfb15d2ffd2e6d2e33e85ce956f8c747752eb1ab7,VALID
Steel,Defective,img_07_4405133600_00044.jpg,Steel\Defective\img_07_4405133600_00044.jpg,2048,1000,JPEG,bd68941812b99e3c169e867c094037c9921e86ca167d0f5857d7ae41c015ab0a,VALID
Steel,Defective,img_07_4405133600_00046.jpg,Steel\Defective\img_07_4405133600_00046.jpg,2048,1000,JPEG,7d5e40cf4ed2094bd7ebd1efc8664eb53d1d273c3c7d4b97fea461a445941ac7,VALID
Steel,Defective,img_07_4405168700_00710.jpg,Steel\Defective\img_07_4405168700_00710.jpg,2048,1000,JPEG,a76404d4c3cfb8700393c750e212134ab54cc5de26863787d8e2c854bf4dcad0,VALID
Steel,Defective,img_07_4405168700_00711.jpg,Steel\Defective\img_07_4405168700_00711.jpg,2048,1000,JPEG,c52dc2ec87f198bee135312b7856ab6ea07b58e03fd1acc95226a883d18962e1,VALID
Steel,Defective,img_07_4405376700_00809.jpg,Steel\Defective\img_07_4405376700_00809.jpg,2048,1000,JPEG,73273c4f938e0e8caeea98f58c8b5e0cdccd0211b12aca067e856da1432f22c3,VALID
Steel,Defective,img_07_4405376700_00815.jpg,Steel\Defective\img_07_4405376700_00815.jpg,2048,1000,JPEG,8e9ea5450711839ebf2022ff6733f13a250dd13ec752d061b5a364bffc6ec3a5,VALID
Steel,Defective,img_07_4405376800_00037.jpg,Steel\Defective\img_07_4405376800_00037.jpg,2048,1000,JPEG,e78052421e7786f31ad46c93180663cfc39add0a7a76c7cfe77e781e669af0d3,VALID
Steel,Defective,img_07_4405376800_00038.jpg,Steel\Defective\img_07_4405376800_00038.jpg,2048,1000,JPEG,edcaa7bd93dd81b1f5b9715982783625b35e668cc36fcaa2601a817aacd0c092,VALID
Steel,Defective,img_07_4405376800_00039.jpg,Steel\Defective\img_07_4405376800_00039.jpg,2048,1000,JPEG,51131bde8ca25cd9109d88ffc583b0264d67f840beb23486511099712f8f33ff,VALID
Steel,Defective,img_07_4405376800_00042.jpg,Steel\Defective\img_07_4405376800_00042.jpg,2048,1000,JPEG,448b3d54a6cf99ec296a4e9cf5e6706d8d5915660b65108388716ca9e0bb303c,VALID
Steel,Defective,img_07_4405381400_00773.jpg,Steel\Defective\img_07_4405381400_00773.jpg,2048,1000,JPEG,9110b7896df5a0b50a087c363e98526a41c82fe404cafb7a3ed3457acfa49741,VALID
Steel,Defective,img_07_4405381400_00779.jpg,Steel\Defective\img_07_4405381400_00779.jpg,2048,1000,JPEG,ebaae9351b45f67b7db44a7085f026a0436a72e4664b6a179ae8d551cab939aa,VALID
Steel,Defective,img_07_4406444100_00004.jpg,Steel\Defective\img_07_4406444100_00004.jpg,2048,1000,JPEG,a90f71e71566bae1a9584aa8c498b5230f4ac0433df2d24951cb33bd07ba1d96,VALID
Steel,Defective,img_07_4406645900_00897.jpg,Steel\Defective\img_07_4406645900_00897.jpg,2048,1000,JPEG,fc6b43f1d918be2884439fbbc61e9217c5b18820644e131f3f93a4e34c480d1c,VALID
Steel,Defective,img_07_SIS002353_00788.jpg,Steel\Defective\img_07_SIS002353_00788.jpg,2048,1000,JPEG,889d4a34d4a166594932acd00b672e7d7d0adaa78e955b7987a04b7cf087d878,VALID
Aluminium,Defective,image_1.jpg,Aluminium\Defective\image_1.jpg,1024,768,JPEG,e197c504705577518ae0ee31390d932a8911d9cc7a6df170bb7b9dfb34474856,VALID
Aluminium,Defective,image_10.jpg,Aluminium\Defective\image_10.jpg,2560,1920,JPEG,e883c81b374c03c97c2ab64bc85b523c0188a80c722ff1135d4be45586d2a786,VALID
Aluminium,Defective,image_100.jpg,Aluminium\Defective\image_100.jpg,160,1024,JPEG,815f9ceef11a6d337d3ea49d17c352c88441ba09f012760893395401ce6572fb,VALID
Aluminium,Defective,image_100_merged_1.jpg,Aluminium\Defective\image_100_merged_1.jpg,160,1024,JPEG,815f9ceef11a6d337d3ea49d17c352c88441ba09f012760893395401ce6572fb,DUPLICATE
Aluminium,Defective,image_101.jpg,Aluminium\Defective\image_101.jpg,160,1024,JPEG,f9197a87be1143d08270b371542ac76d021f4c2eea0eb9b9befd1ca3de447156,VALID
Aluminium,Defective,image_101_merged_1.jpg,Aluminium\Defective\image_101_merged_1.jpg,160,1024,JPEG,f9197a87be1143d08270b371542ac76d021f4c2eea0eb9b9befd1ca3de447156,DUPLICATE
Aluminium,Defective,image_102.jpg,Aluminium\Defective\image_102.jpg,160,1024,JPEG,0a3bba90fb98bed82b5dfd400111395cd89125fe6c0b6b192f4c9bef3d5acfce,VALID
Aluminium,Defective,image_102_merged_1.jpg,Aluminium\Defective\image_102_merged_1.jpg,160,1024,JPEG,0a3bba90fb98bed82b5dfd400111395cd89125fe6c0b6b192f4c9bef3d5acfce,DUPLICATE
Aluminium,Defective,image_103.jpg,Aluminium\Defective\image_103.jpg,160,1024,JPEG,1451024c9c8d67f9024e7fb7d6f3c27d7705ba29d48dd38e1a95e89441d648fe,VALID
Aluminium,Defective,image_103_merged_1.jpg,Aluminium\Defective\image_103_merged_1.jpg,160,1024,JPEG,1451024c9c8d67f9024e7fb7d6f3c27d7705ba29d48dd38e1a95e89441d648fe,DUPLICATE
Aluminium,Defective,image_104.jpg,Aluminium\Defective\image_104.jpg,160,1024,JPEG,f5c756a17163e3395a98660dcfa20f469906593bd84e795aa33471b735a02bdd,VALID
Aluminium,Defective,image_104_merged_1.jpg,Aluminium\Defective\image_104_merged_1.jpg,160,1024,JPEG,f5c756a17163e3395a98660dcfa20f469906593bd84e795aa33471b735a02bdd,DUPLICATE
Aluminium,Defective,image_105.jpg,Aluminium\Defective\image_105.jpg,160,1024,JPEG,846d975bbf7b293bc10ef10a2add39c12a59d433f97b689057f1221d0ab23801,VALID
Aluminium,Defective,image_105_merged_1.jpg,Aluminium\Defective\image_105_merged_1.jpg,160,1024,JPEG,846d975bbf7b293bc10ef10a2add39c12a59d433f97b689057f1221d0ab23801,DUPLICATE
Aluminium,Defective,image_106.jpg,Aluminium\Defective\image_106.jpg,160,1024,JPEG,e4fed3e7788d398b3e50e1278c735eea2fccde8aa70be5dad42e2f06ef72a6da,VALID
Aluminium,Defective,image_106_merged_1.jpg,Aluminium\Defective\image_106_merged_1.jpg,160,1024,JPEG,e4fed3e7788d398b3e50e1278c735eea2fccde8aa70be5dad42e2f06ef72a6da,DUPLICATE
Aluminium,Defective,image_107.jpg,Aluminium\Defective\image_107.jpg,160,1024,JPEG,a6c05c33d34ce986d7f14e6186f3c76a62a3b04a7fa17e0ad0e400be1762f0dc,VALID
Aluminium,Defective,image_107_merged_1.jpg,Aluminium\Defective\image_107_merged_1.jpg,160,1024,JPEG,a6c05c33d34ce986d7f14e6186f3c76a62a3b04a7fa17e0ad0e400be1762f0dc,DUPLICATE
Aluminium,Defective,image_108.jpg,Aluminium\Defective\image_108.jpg,160,1024,JPEG,017ac5ab4e67d3a1e3229b3df5dee22104160c2ae9d6af9705b4017f03857437,VALID
Aluminium,Defective,image_108_merged_1.jpg,Aluminium\Defective\image_108_merged_1.jpg,160,1024,JPEG,017ac5ab4e67d3a1e3229b3df5dee22104160c2ae9d6af9705b4017f03857437,DUPLICATE
Aluminium,Defective,image_109.jpg,Aluminium\Defective\image_109.jpg,160,1024,JPEG,7bf0bcf7e2badfdd31e9460e9eaa1cf31b9c4625f3ef032b9e37d7ba7f3dc4fb,VALID
Aluminium,Defective,image_109_merged_1.jpg,Aluminium\Defective\image_109_merged_1.jpg,160,1024,JPEG,7bf0bcf7e2badfdd31e9460e9eaa1cf31b9c4625f3ef032b9e37d7ba7f3dc4fb,DUPLICATE
Aluminium,Defective,image_10_merged_1.jpg,Aluminium\Defective\image_10_merged_1.jpg,2560,1920,JPEG,e883c81b374c03c97c2ab64bc85b523c0188a80c722ff1135d4be45586d2a786,DUPLICATE
Aluminium,Defective,image_11.jpg,Aluminium\Defective\image_11.jpg,2560,1920,JPEG,cee0f23c03fe006812f8d4bb6819f40fcf4362d53d0662ff9b737ebfc4f28bd5,VALID
Aluminium,Defective,image_110.jpg,Aluminium\Defective\image_110.jpg,160,1024,JPEG,bd659885f87741df6311745a9f9bcda3ac2f5bba8dc30728da6368df387eb1b4,VALID
Aluminium,Defective,image_110_merged_1.jpg,Aluminium\Defective\image_110_merged_1.jpg,160,1024,JPEG,bd659885f87741df6311745a9f9bcda3ac2f5bba8dc30728da6368df387eb1b4,DUPLICATE
Aluminium,Defective,image_111.jpg,Aluminium\Defective\image_111.jpg,160,1024,JPEG,6c734173c7ffce510d8c90f13d57910ad8a03f6b947e373510cee280a8bd7fec,VALID
Aluminium,Defective,image_111_merged_1.jpg,Aluminium\Defective\image_111_merged_1.jpg,160,1024,JPEG,6c734173c7ffce510d8c90f13d57910ad8a03f6b947e373510cee280a8bd7fec,DUPLICATE
Aluminium,Defective,image_112.jpg,Aluminium\Defective\image_112.jpg,160,1024,JPEG,186fc50e2476567f78f25df486f4c59544fdba1b1c3efac07bdac789107d534b,VALID
Aluminium,Defective,image_112_merged_1.jpg,Aluminium\Defective\image_112_merged_1.jpg,160,1024,JPEG,186fc50e2476567f78f25df486f4c59544fdba1b1c3efac07bdac789107d534b,DUPLICATE
Aluminium,Defective,image_113.jpg,Aluminium\Defective\image_113.jpg,160,1024,JPEG,1bf9090fb4d2465e00c6daccb148f6be8d24076a9848f2502e3461edfdd2ba67,VALID
Aluminium,Defective,image_113_merged_1.jpg,Aluminium\Defective\image_113_merged_1.jpg,160,1024,JPEG,1bf9090fb4d2465e00c6daccb148f6be8d24076a9848f2502e3461edfdd2ba67,DUPLICATE
Aluminium,Defective,image_114.jpg,Aluminium\Defective\image_114.jpg,160,1024,JPEG,17cfb05cbf4624c1c3a81e8a1eb3919dc78c0315749282f00279ee6b3b3d0802,VALID
Aluminium,Defective,image_114_merged_1.jpg,Aluminium\Defective\image_114_merged_1.jpg,160,1024,JPEG,17cfb05cbf4624c1c3a81e8a1eb3919dc78c0315749282f00279ee6b3b3d0802,DUPLICATE
Aluminium,Defective,image_115.jpg,Aluminium\Defective\image_115.jpg,160,1024,JPEG,f9197a87be1143d08270b371542ac76d021f4c2eea0eb9b9befd1ca3de447156,DUPLICATE
Aluminium,Defective,image_116.jpg,Aluminium\Defective\image_116.jpg,160,1024,JPEG,b721da0a3cd9fa1124980d0964533eb7cb57c780ad890991a3b321e0a24ebe0d,VALID
Aluminium,Defective,image_116_merged_1.jpg,Aluminium\Defective\image_116_merged_1.jpg,160,1024,JPEG,b721da0a3cd9fa1124980d0964533eb7cb57c780ad890991a3b321e0a24ebe0d,DUPLICATE
Aluminium,Defective,image_117.jpg,Aluminium\Defective\image_117.jpg,160,1024,JPEG,c545f38738d2af7a181b35f5707f69192a8204bd635a3f9cd1f4814da9d5d2c6,VALID
Aluminium,Defective,image_117_merged_1.jpg,Aluminium\Defective\image_117_merged_1.jpg,160,1024,JPEG,c545f38738d2af7a181b35f5707f69192a8204bd635a3f9cd1f4814da9d5d2c6,DUPLICATE
Aluminium,Defective,image_118.jpg,Aluminium\Defective\image_118.jpg,160,1024,JPEG,019b57ec2197fbb3a8b59dcb2a3b00fc17b16c3759836b88bd7a9eb343a01553,VALID
Aluminium,Defective,image_118_merged_1.jpg,Aluminium\Defective\image_118_merged_1.jpg,160,1024,JPEG,019b57ec2197fbb3a8b59dcb2a3b00fc17b16c3759836b88bd7a9eb343a01553,DUPLICATE
Aluminium,Defective,image_119.jpg,Aluminium\Defective\image_119.jpg,160,1024,JPEG,18194a7cd16d6288917d7b737938a264dec7fe7e97935ca6c8ccb9c775de1d83,VALID
Aluminium,Defective,image_119_merged_1.jpg,Aluminium\Defective\image_119_merged_1.jpg,160,1024,JPEG,18194a7cd16d6288917d7b737938a264dec7fe7e97935ca6c8ccb9c775de1d83,DUPLICATE
Aluminium,Defective,image_11_merged_1.jpg,Aluminium\Defective\image_11_merged_1.jpg,2560,1920,JPEG,cee0f23c03fe006812f8d4bb6819f40fcf4362d53d0662ff9b737ebfc4f28bd5,DUPLICATE
Aluminium,Defective,image_12.jpg,Aluminium\Defective\image_12.jpg,543,337,JPEG,21cc5e11560fc57b251fae23d8a6ff9d158c5e223d42d977d81df5e199eec151,VALID
Aluminium,Defective,image_120.jpg,Aluminium\Defective\image_120.jpg,160,1024,JPEG,ccdbe1293a22b3462f656b5431924c630a2c76141beb64c62f3911c192365de5,VALID
Aluminium,Defective,image_120_merged_1.jpg,Aluminium\Defective\image_120_merged_1.jpg,160,1024,JPEG,ccdbe1293a22b3462f656b5431924c630a2c76141beb64c62f3911c192365de5,DUPLICATE
Aluminium,Defective,image_121.jpg,Aluminium\Defective\image_121.jpg,160,1024,JPEG,71be84371c4d7c291de5fe446c6d4f9cb4be19af2254bdd80e7714bf28827ccf,VALID
Aluminium,Defective,image_121_merged_1.jpg,Aluminium\Defective\image_121_merged_1.jpg,160,1024,JPEG,71be84371c4d7c291de5fe446c6d4f9cb4be19af2254bdd80e7714bf28827ccf,DUPLICATE
Aluminium,Defective,image_122.jpg,Aluminium\Defective\image_122.jpg,160,1024,JPEG,55f8066529a80210e55214a349b0afd59131970ada2cd2a8dd95cea73962e918,VALID
Aluminium,Defective,image_122_merged_1.jpg,Aluminium\Defective\image_122_merged_1.jpg,160,1024,JPEG,55f8066529a80210e55214a349b0afd59131970ada2cd2a8dd95cea73962e918,DUPLICATE
Aluminium,Defective,image_123.jpg,Aluminium\Defective\image_123.jpg,160,1024,JPEG,0d39c848e9b1820dc6b08063d2f62bb1dd56b48d3244378ea62cfbc4dd421e27,VALID
Aluminium,Defective,image_123_merged_1.jpg,Aluminium\Defective\image_123_merged_1.jpg,160,1024,JPEG,0d39c848e9b1820dc6b08063d2f62bb1dd56b48d3244378ea62cfbc4dd421e27,DUPLICATE
Aluminium,Defective,image_124.jpg,Aluminium\Defective\image_124.jpg,160,1024,JPEG,49152c858801595d505d5b2e5013977e4738b9d2abd84d56bffbaaee06c0dcbb,VALID
Aluminium,Defective,image_124_merged_1.jpg,Aluminium\Defective\image_124_merged_1.jpg,160,1024,JPEG,49152c858801595d505d5b2e5013977e4738b9d2abd84d56bffbaaee06c0dcbb,DUPLICATE
Aluminium,Defective,image_125.jpg,Aluminium\Defective\image_125.jpg,160,1024,JPEG,01a2a94ba7ca911d5d1f19d0b5643eb6e9f03b2fc1c7b32fcebcb42cf584e785,VALID
Aluminium,Defective,image_125_merged_1.jpg,Aluminium\Defective\image_125_merged_1.jpg,160,1024,JPEG,01a2a94ba7ca911d5d1f19d0b5643eb6e9f03b2fc1c7b32fcebcb42cf584e785,DUPLICATE
Aluminium,Defective,image_126.jpg,Aluminium\Defective\image_126.jpg,160,1024,JPEG,55729542eedd168093619dd5aa7fa7bef9a2f33dc37adef15c2c7ec0b75760d1,VALID
Aluminium,Defective,image_126_merged_1.jpg,Aluminium\Defective\image_126_merged_1.jpg,160,1024,JPEG,55729542eedd168093619dd5aa7fa7bef9a2f33dc37adef15c2c7ec0b75760d1,DUPLICATE
Aluminium,Defective,image_127.jpg,Aluminium\Defective\image_127.jpg,160,1024,JPEG,3b9d3e418c304d7b6efa44630ceb5af9afaa5df4b42b47f3b1c1f042b8f36ff0,VALID
Aluminium,Defective,image_127_merged_1.jpg,Aluminium\Defective\image_127_merged_1.jpg,160,1024,JPEG,3b9d3e418c304d7b6efa44630ceb5af9afaa5df4b42b47f3b1c1f042b8f36ff0,DUPLICATE
Aluminium,Defective,image_128.jpg,Aluminium\Defective\image_128.jpg,160,1024,JPEG,2ffceef37001b96f3f6bbd922b4e4988b6a6752e00290608eb1270e790c553ce,VALID
Aluminium,Defective,image_128_merged_1.jpg,Aluminium\Defective\image_128_merged_1.jpg,160,1024,JPEG,2ffceef37001b96f3f6bbd922b4e4988b6a6752e00290608eb1270e790c553ce,DUPLICATE
Aluminium,Defective,image_129.jpg,Aluminium\Defective\image_129.jpg,160,1024,JPEG,d7e470fdefea491be64f6182ba7ced8e66c376b53d492bd512c0d59f55c60848,VALID
Aluminium,Defective,image_129_merged_1.jpg,Aluminium\Defective\image_129_merged_1.jpg,160,1024,JPEG,d7e470fdefea491be64f6182ba7ced8e66c376b53d492bd512c0d59f55c60848,DUPLICATE
Aluminium,Defective,image_12_merged_1.jpg,Aluminium\Defective\image_12_merged_1.jpg,543,337,JPEG,21cc5e11560fc57b251fae23d8a6ff9d158c5e223d42d977d81df5e199eec151,DUPLICATE
Aluminium,Defective,image_13.jpg,Aluminium\Defective\image_13.jpg,790,445,JPEG,a53fed169429e9aa83d209286c6a62d76e45df2c712958346f006ff6c2855574,VALID
Aluminium,Defective,image_130.jpg,Aluminium\Defective\image_130.jpg,160,1024,JPEG,6e6f6b546761991620579e21ae8ce5e47d89f2597aca1abaf7fb7349d2c09560,VALID
Aluminium,Defective,image_130_merged_1.jpg,Aluminium\Defective\image_130_merged_1.jpg,160,1024,JPEG,6e6f6b546761991620579e21ae8ce5e47d89f2597aca1abaf7fb7349d2c09560,DUPLICATE
Aluminium,Defective,image_13_merged_1.jpg,Aluminium\Defective\image_13_merged_1.jpg,790,445,JPEG,a53fed169429e9aa83d209286c6a62d76e45df2c712958346f006ff6c2855574,DUPLICATE
Aluminium,Defective,image_14.jpg,Aluminium\Defective\image_14.jpg,1806,1353,JPEG,0f7a7944733dd0a7cd87336084d427a02887741b63bd33ba02db5e04ed1def50,VALID
Aluminium,Defective,image_14_merged_1.jpg,Aluminium\Defective\image_14_merged_1.jpg,1806,1353,JPEG,0f7a7944733dd0a7cd87336084d427a02887741b63bd33ba02db5e04ed1def50,DUPLICATE
Aluminium,Defective,image_15.jpg,Aluminium\Defective\image_15.jpg,1373,1029,JPEG,2d17acfec2c5a02dd8a3e55eec4dcd867050c3acb83b2777ff2306d7e4fd1155,VALID
Aluminium,Defective,image_15_merged_1.jpg,Aluminium\Defective\image_15_merged_1.jpg,1373,1029,JPEG,2d17acfec2c5a02dd8a3e55eec4dcd867050c3acb83b2777ff2306d7e4fd1155,DUPLICATE
Aluminium,Defective,image_16.jpg,Aluminium\Defective\image_16.jpg,1689,1267,JPEG,3fca58613c2200aece4263205428b810626a927b446c2437e66e7721fb15e8c2,VALID
Aluminium,Defective,image_16_merged_1.jpg,Aluminium\Defective\image_16_merged_1.jpg,1689,1267,JPEG,3fca58613c2200aece4263205428b810626a927b446c2437e66e7721fb15e8c2,DUPLICATE
Aluminium,Defective,image_17.jpg,Aluminium\Defective\image_17.jpg,592,420,JPEG,d1c979909071e0e0db693137ed193c31523b88914253fcd4826cbe28ae3eba45,VALID
Aluminium,Defective,image_17_merged_1.jpg,Aluminium\Defective\image_17_merged_1.jpg,592,420,JPEG,d1c979909071e0e0db693137ed193c31523b88914253fcd4826cbe28ae3eba45,DUPLICATE
Aluminium,Defective,image_18.jpg,Aluminium\Defective\image_18.jpg,1756,1101,JPEG,eec73e770ad37bdff6be3516d036a5713f06395a11600623454e249d1bb51064,VALID
Aluminium,Defective,image_18_merged_1.jpg,Aluminium\Defective\image_18_merged_1.jpg,1756,1101,JPEG,eec73e770ad37bdff6be3516d036a5713f06395a11600623454e249d1bb51064,DUPLICATE
Aluminium,Defective,image_19.jpg,Aluminium\Defective\image_19.jpg,1951,971,JPEG,09dd0223915e4ea9b17037b0f442d5a9c6855323341219a111821923b2a9d0c8,VALID
Aluminium,Defective,image_19_merged_1.jpg,Aluminium\Defective\image_19_merged_1.jpg,1951,971,JPEG,09dd0223915e4ea9b17037b0f442d5a9c6855323341219a111821923b2a9d0c8,DUPLICATE
Aluminium,Defective,image_1_merged_1.jpg,Aluminium\Defective\image_1_merged_1.jpg,1024,768,JPEG,e197c504705577518ae0ee31390d932a8911d9cc7a6df170bb7b9dfb34474856,DUPLICATE
Aluminium,Defective,image_2.jpg,Aluminium\Defective\image_2.jpg,576,768,JPEG,e07db09a1a65b013dd493ce7f23be34fc2c6d025a2b300300eea986d7f5a4be0,VALID
Aluminium,Defective,image_20.jpg,Aluminium\Defective\image_20.jpg,1849,1149,JPEG,df8ad55d564f4849895982433abe5eb6b2eca65fbdf27935b28529c309110019,VALID
Aluminium,Defective,image_20_merged_1.jpg,Aluminium\Defective\image_20_merged_1.jpg,1849,1149,JPEG,df8ad55d564f4849895982433abe5eb6b2eca65fbdf27935b28529c309110019,DUPLICATE
Aluminium,Defective,image_21.jpg,Aluminium\Defective\image_21.jpg,2411,1806,JPEG,a384dbb583d32b6a2ff7bfd3ee1ab5a8b4c3ed3ff1a031d9234e258fc0baaea7,VALID
Aluminium,Defective,image_21_merged_1.jpg,Aluminium\Defective\image_21_merged_1.jpg,2411,1806,JPEG,a384dbb583d32b6a2ff7bfd3ee1ab5a8b4c3ed3ff1a031d9234e258fc0baaea7,DUPLICATE
Aluminium,Defective,image_22.jpg,Aluminium\Defective\image_22.jpg,1230,1641,JPEG,cf67e54a9c6824e8dd8e467dc1052b09d3623a98e569a964d8156c674ad1af6d,VALID
Aluminium,Defective,image_22_merged_1.jpg,Aluminium\Defective\image_22_merged_1.jpg,1230,1641,JPEG,cf67e54a9c6824e8dd8e467dc1052b09d3623a98e569a964d8156c674ad1af6d,DUPLICATE
Aluminium,Defective,image_23.jpg,Aluminium\Defective\image_23.jpg,1295,1728,JPEG,f9b0b1ac787a4f1abc71d63e5ad6b7e65ca30b8b51def248ae502696bb5b1a24,VALID
Aluminium,Defective,image_23_merged_1.jpg,Aluminium\Defective\image_23_merged_1.jpg,1295,1728,JPEG,f9b0b1ac787a4f1abc71d63e5ad6b7e65ca30b8b51def248ae502696bb5b1a24,DUPLICATE
Aluminium,Defective,image_24.jpg,Aluminium\Defective\image_24.jpg,809,567,JPEG,598a19e5915a3c87c7262d821be8ccc08a366adb1dae18d0d0afcbf24b307164,VALID
Aluminium,Defective,image_24_merged_1.jpg,Aluminium\Defective\image_24_merged_1.jpg,809,567,JPEG,598a19e5915a3c87c7262d821be8ccc08a366adb1dae18d0d0afcbf24b307164,DUPLICATE
Aluminium,Defective,image_26.jpg,Aluminium\Defective\image_26.jpg,350,228,JPEG,fd8925b166ea3bba752f59204cadcc99bb56cc943614af163bfa55c4e910edc7,VALID
Aluminium,Defective,image_26_merged_1.jpg,Aluminium\Defective\image_26_merged_1.jpg,350,228,JPEG,fd8925b166ea3bba752f59204cadcc99bb56cc943614af163bfa55c4e910edc7,DUPLICATE
Aluminium,Defective,image_27.jpg,Aluminium\Defective\image_27.jpg,346,223,JPEG,ab36b8fab9062f2afbe4726637c357685b24a79175e04c53c12070c987a25875,VALID
Aluminium,Defective,image_27_merged_1.jpg,Aluminium\Defective\image_27_merged_1.jpg,346,223,JPEG,ab36b8fab9062f2afbe4726637c357685b24a79175e04c53c12070c987a25875,DUPLICATE
Aluminium,Defective,image_28.jpg,Aluminium\Defective\image_28.jpg,347,220,JPEG,e2b8e2a31791fb69b1324ab948d4e0947eeca6c140d5b3954f4db39300e1a485,VALID
Aluminium,Defective,image_28_merged_1.jpg,Aluminium\Defective\image_28_merged_1.jpg,347,220,JPEG,e2b8e2a31791fb69b1324ab948d4e0947eeca6c140d5b3954f4db39300e1a485,DUPLICATE
Aluminium,Defective,image_29.jpg,Aluminium\Defective\image_29.jpg,2175,1629,JPEG,e9f9ba312a631f1b0a1750f071f938cf13397489409b7a8e97bd847e9a42ce61,VALID
Aluminium,Defective,image_29_merged_1.jpg,Aluminium\Defective\image_29_merged_1.jpg,2175,1629,JPEG,e9f9ba312a631f1b0a1750f071f938cf13397489409b7a8e97bd847e9a42ce61,DUPLICATE
Aluminium,Defective,image_2_merged_1.jpg,Aluminium\Defective\image_2_merged_1.jpg,576,768,JPEG,e07db09a1a65b013dd493ce7f23be34fc2c6d025a2b300300eea986d7f5a4be0,DUPLICATE
Aluminium,Defective,image_3.jpg,Aluminium\Defective\image_3.jpg,576,768,JPEG,1c47cbc3353e166d7eeb990a96fe03a1fc188eed15423123ed0adbc46c4a4272,VALID
Aluminium,Defective,image_30.jpg,Aluminium\Defective\image_30.jpg,756,1008,JPEG,9d581e7ad94675ffef575f1a6e14a9e691d8e590602943a3547989b3ade69754,VALID
Aluminium,Defective,image_30_merged_1.jpg,Aluminium\Defective\image_30_merged_1.jpg,756,1008,JPEG,9d581e7ad94675ffef575f1a6e14a9e691d8e590602943a3547989b3ade69754,DUPLICATE
Aluminium,Defective,image_32.jpg,Aluminium\Defective\image_32.jpg,1558,1168,JPEG,b948936f14969759b9edac1ffe4043102f08d9203ffea7b874f26a3ad8a25138,VALID
Aluminium,Defective,image_32_merged_1.jpg,Aluminium\Defective\image_32_merged_1.jpg,1558,1168,JPEG,b948936f14969759b9edac1ffe4043102f08d9203ffea7b874f26a3ad8a25138,DUPLICATE
Aluminium,Defective,image_33.jpg,Aluminium\Defective\image_33.jpg,2220,1664,JPEG,20146e9083d429aa51e47841fe5c3f6ce3cc2d7f53a2536d98f1f91321fbf88c,VALID
Aluminium,Defective,image_33_merged_1.jpg,Aluminium\Defective\image_33_merged_1.jpg,2220,1664,JPEG,20146e9083d429aa51e47841fe5c3f6ce3cc2d7f53a2536d98f1f91321fbf88c,DUPLICATE
Aluminium,Defective,image_3_merged_1.jpg,Aluminium\Defective\image_3_merged_1.jpg,576,768,JPEG,1c47cbc3353e166d7eeb990a96fe03a1fc188eed15423123ed0adbc46c4a4272,DUPLICATE
Aluminium,Defective,image_4.jpg,Aluminium\Defective\image_4.jpg,640,480,JPEG,06c8352a2389752c744f1be966ebd7f06239de2b2d15835ea29bb9845d2ce025,VALID
Aluminium,Defective,image_45.jpg,Aluminium\Defective\image_45.jpg,1679,943,JPEG,ea6708701c3840ddb634e5f15bcb337a50249d9e2a1b72c0b92ce77ecea82700,VALID
Aluminium,Defective,image_45_merged_1.jpg,Aluminium\Defective\image_45_merged_1.jpg,1679,943,JPEG,ea6708701c3840ddb634e5f15bcb337a50249d9e2a1b72c0b92ce77ecea82700,DUPLICATE
Aluminium,Defective,image_46.jpg,Aluminium\Defective\image_46.jpg,909,682,JPEG,7b29e2ad45e537a8240508665bb285b7e99f8dde768656dcc13945e3f4b820c4,VALID
Aluminium,Defective,image_46_merged_1.jpg,Aluminium\Defective\image_46_merged_1.jpg,909,682,JPEG,7b29e2ad45e537a8240508665bb285b7e99f8dde768656dcc13945e3f4b820c4,DUPLICATE
Aluminium,Defective,image_47.jpg,Aluminium\Defective\image_47.jpg,909,682,JPEG,fd79732cfb1852854df1121ef80efa7a44825b2aebfa8e7860f635c3a8afa350,VALID
Aluminium,Defective,image_47_merged_1.jpg,Aluminium\Defective\image_47_merged_1.jpg,909,682,JPEG,fd79732cfb1852854df1121ef80efa7a44825b2aebfa8e7860f635c3a8afa350,DUPLICATE
Aluminium,Defective,image_48.jpg,Aluminium\Defective\image_48.jpg,2175,1629,JPEG,e19896c94fed612455bf1f2a8499908b305139f826405e9a782b9af24f7bd7f8,VALID
Aluminium,Defective,image_48_merged_1.jpg,Aluminium\Defective\image_48_merged_1.jpg,2175,1629,JPEG,e19896c94fed612455bf1f2a8499908b305139f826405e9a782b9af24f7bd7f8,DUPLICATE
Aluminium,Defective,image_49.jpg,Aluminium\Defective\image_49.jpg,2064,1161,JPEG,6069d53562c08d2d35c9825145af6111081fa5d65d35d8ac38cccea3aa16c2dd,VALID
Aluminium,Defective,image_49_merged_1.jpg,Aluminium\Defective\image_49_merged_1.jpg,2064,1161,JPEG,6069d53562c08d2d35c9825145af6111081fa5d65d35d8ac38cccea3aa16c2dd,DUPLICATE
Aluminium,Defective,image_4_merged_1.jpg,Aluminium\Defective\image_4_merged_1.jpg,640,480,JPEG,06c8352a2389752c744f1be966ebd7f06239de2b2d15835ea29bb9845d2ce025,DUPLICATE
Aluminium,Defective,image_5.jpg,Aluminium\Defective\image_5.jpg,1806,1353,JPEG,bd01291e729aef73f96e17182e23eb51a3e31327690a631a64152713a1a88551,VALID
Aluminium,Defective,image_50.jpg,Aluminium\Defective\image_50.jpg,2469,1387,JPEG,a2cbb56e3e9dd133f51d94946d2d2095f6e9a8eb2e0ce33591a9d92076e7ae2d,VALID
Aluminium,Defective,image_50_merged_1.jpg,Aluminium\Defective\image_50_merged_1.jpg,2469,1387,JPEG,a2cbb56e3e9dd133f51d94946d2d2095f6e9a8eb2e0ce33591a9d92076e7ae2d,DUPLICATE
Aluminium,Defective,image_51.jpg,Aluminium\Defective\image_51.jpg,1558,1168,JPEG,f0576947a7dfcd076200db460f349c6406ebadda4e08a27af9ba51ca95bcdfff,VALID
Aluminium,Defective,image_51_merged_1.jpg,Aluminium\Defective\image_51_merged_1.jpg,1558,1168,JPEG,f0576947a7dfcd076200db460f349c6406ebadda4e08a27af9ba51ca95bcdfff,DUPLICATE
Aluminium,Defective,image_52.jpg,Aluminium\Defective\image_52.jpg,736,410,JPEG,a8e38bbf45d1a03cdbbb4e88ac93ce1d96fca2e719fc72e2cd451a696d3e1ea5,VALID
Aluminium,Defective,image_52_merged_1.jpg,Aluminium\Defective\image_52_merged_1.jpg,736,410,JPEG,a8e38bbf45d1a03cdbbb4e88ac93ce1d96fca2e719fc72e2cd451a696d3e1ea5,DUPLICATE
Aluminium,Defective,image_53.jpg,Aluminium\Defective\image_53.jpg,711,464,JPEG,14daebfc773d592949a7dcef71046c8e201dd3907ac0a77ef5cec75abb2c33a1,VALID
Aluminium,Defective,image_53_merged_1.jpg,Aluminium\Defective\image_53_merged_1.jpg,711,464,JPEG,14daebfc773d592949a7dcef71046c8e201dd3907ac0a77ef5cec75abb2c33a1,DUPLICATE
Aluminium,Defective,image_54.jpg,Aluminium\Defective\image_54.jpg,800,800,JPEG,7077b9c66525d98869c325409753081e840854b281414bdcbbe6d1a17f29e3a4,VALID
Aluminium,Defective,image_54_merged_1.jpg,Aluminium\Defective\image_54_merged_1.jpg,800,800,JPEG,7077b9c66525d98869c325409753081e840854b281414bdcbbe6d1a17f29e3a4,DUPLICATE
Aluminium,Defective,image_55.jpg,Aluminium\Defective\image_55.jpg,500,351,JPEG,4935870d619e1d9d476ac33db0a5008eae05ca077f6547392bf71d1d19bc8598,VALID
Aluminium,Defective,image_55_merged_1.jpg,Aluminium\Defective\image_55_merged_1.jpg,500,351,JPEG,4935870d619e1d9d476ac33db0a5008eae05ca077f6547392bf71d1d19bc8598,DUPLICATE
Aluminium,Defective,image_56.jpg,Aluminium\Defective\image_56.jpg,732,330,JPEG,d416094655140d581e15b0676bae5742a80b3cdcf573504a05a082790e73aa28,VALID
Aluminium,Defective,image_56_merged_1.jpg,Aluminium\Defective\image_56_merged_1.jpg,732,330,JPEG,d416094655140d581e15b0676bae5742a80b3cdcf573504a05a082790e73aa28,DUPLICATE
Aluminium,Defective,image_57.jpg,Aluminium\Defective\image_57.jpg,537,271,JPEG,2fe4ae87012566293b1b000de731f359507164993c21db61463c9fa21cfc6ebf,VALID
Aluminium,Defective,image_57_merged_1.jpg,Aluminium\Defective\image_57_merged_1.jpg,537,271,JPEG,2fe4ae87012566293b1b000de731f359507164993c21db61463c9fa21cfc6ebf,DUPLICATE
Aluminium,Defective,image_58.jpg,Aluminium\Defective\image_58.jpg,1143,667,JPEG,bafcbebe1a3ead4e7d0c9179f636d9a55d91e071ea70f66ae4d71b40141b1d22,VALID
Aluminium,Defective,image_58_merged_1.jpg,Aluminium\Defective\image_58_merged_1.jpg,1143,667,JPEG,bafcbebe1a3ead4e7d0c9179f636d9a55d91e071ea70f66ae4d71b40141b1d22,DUPLICATE
Aluminium,Defective,image_59.jpg,Aluminium\Defective\image_59.jpg,715,432,JPEG,87525970c02eb6c5e16867f70678354a97920002a3af88b11756b749f0a8ef20,VALID
Aluminium,Defective,image_59_merged_1.jpg,Aluminium\Defective\image_59_merged_1.jpg,715,432,JPEG,87525970c02eb6c5e16867f70678354a97920002a3af88b11756b749f0a8ef20,DUPLICATE
Aluminium,Defective,image_5_merged_1.jpg,Aluminium\Defective\image_5_merged_1.jpg,1806,1353,JPEG,bd01291e729aef73f96e17182e23eb51a3e31327690a631a64152713a1a88551,DUPLICATE
Aluminium,Defective,image_6.jpg,Aluminium\Defective\image_6.jpg,1691,1268,JPEG,5549c6c8513cff25d10e249c6654537ff499a040cb674e059427729f3847d83d,VALID
Aluminium,Defective,image_60.jpg,Aluminium\Defective\image_60.jpg,1296,607,JPEG,b0e3bd8ccd31a51598f07af7048c32eb213f257a6a905341b60b70d765ac98df,VALID
Aluminium,Defective,image_60_merged_1.jpg,Aluminium\Defective\image_60_merged_1.jpg,1296,607,JPEG,b0e3bd8ccd31a51598f07af7048c32eb213f257a6a905341b60b70d765ac98df,DUPLICATE
Aluminium,Defective,image_61.jpg,Aluminium\Defective\image_61.jpg,672,439,JPEG,c3953a1c111e6af7edfd6310216be33ebb5eca4a7670fc8fa9f6bd54e02d8244,VALID
Aluminium,Defective,image_61_merged_1.jpg,Aluminium\Defective\image_61_merged_1.jpg,672,439,JPEG,c3953a1c111e6af7edfd6310216be33ebb5eca4a7670fc8fa9f6bd54e02d8244,DUPLICATE
Aluminium,Defective,image_62.jpg,Aluminium\Defective\image_62.jpg,448,311,JPEG,3f488881cec90c185616542beb9f21beddf3cecad2fcab3dad2e5816ae19aac5,VALID
Aluminium,Defective,image_62_merged_1.jpg,Aluminium\Defective\image_62_merged_1.jpg,448,311,JPEG,3f488881cec90c185616542beb9f21beddf3cecad2fcab3dad2e5816ae19aac5,DUPLICATE
Aluminium,Defective,image_63.jpg,Aluminium\Defective\image_63.jpg,900,600,JPEG,e970f972601de7e01a2129fcad78d35511cc1b6e5c93a24a6b2132b2eaf3ae33,VALID
Aluminium,Defective,image_63_merged_1.jpg,Aluminium\Defective\image_63_merged_1.jpg,900,600,JPEG,e970f972601de7e01a2129fcad78d35511cc1b6e5c93a24a6b2132b2eaf3ae33,DUPLICATE
Aluminium,Defective,image_64.jpg,Aluminium\Defective\image_64.jpg,794,527,JPEG,1d1fcfb76c45a5424a15d948d54b751e2997ec45a90362968e2019a85b8b9458,VALID
Aluminium,Defective,image_64_merged_1.jpg,Aluminium\Defective\image_64_merged_1.jpg,794,527,JPEG,1d1fcfb76c45a5424a15d948d54b751e2997ec45a90362968e2019a85b8b9458,DUPLICATE
Aluminium,Defective,image_65.jpg,Aluminium\Defective\image_65.jpg,564,843,JPEG,f32dcd711722844d5d6fdef582761a9d11fe73d6ac19a63222476c085b50e83b,VALID
Aluminium,Defective,image_65_merged_1.jpg,Aluminium\Defective\image_65_merged_1.jpg,564,843,JPEG,f32dcd711722844d5d6fdef582761a9d11fe73d6ac19a63222476c085b50e83b,DUPLICATE
Aluminium,Defective,image_66.jpg,Aluminium\Defective\image_66.jpg,150,150,JPEG,1a382d4e3cca4ab7de8068ff7976ecc0c2394562364e20597259091ea090cc7b,VALID
Aluminium,Defective,image_66_merged_1.jpg,Aluminium\Defective\image_66_merged_1.jpg,150,150,JPEG,1a382d4e3cca4ab7de8068ff7976ecc0c2394562364e20597259091ea090cc7b,DUPLICATE
Aluminium,Defective,image_67.jpg,Aluminium\Defective\image_67.jpg,612,408,JPEG,2f74a2d84b82b4e83509c75bcbb69fbfcaf88ea08768bce71e12d09993fbc947,VALID
Aluminium,Defective,image_67_merged_1.jpg,Aluminium\Defective\image_67_merged_1.jpg,612,408,JPEG,2f74a2d84b82b4e83509c75bcbb69fbfcaf88ea08768bce71e12d09993fbc947,DUPLICATE
Aluminium,Defective,image_6_merged_1.jpg,Aluminium\Defective\image_6_merged_1.jpg,1691,1268,JPEG,5549c6c8513cff25d10e249c6654537ff499a040cb674e059427729f3847d83d,DUPLICATE
Aluminium,Defective,image_7.jpg,Aluminium\Defective\image_7.jpg,2560,1911,JPEG,943ba55e24fa660f7747ae194de01953f4b6b5182993c8eeab5d063018df520b,VALID
Aluminium,Defective,image_74.jpg,Aluminium\Defective\image_74.jpg,630,338,JPEG,b2fe81c53f16b0dc4ad5f7dba7ab43b3152fcb4b19a16b393455eb77515263c4,VALID
Aluminium,Defective,image_74_merged_1.jpg,Aluminium\Defective\image_74_merged_1.jpg,630,338,JPEG,b2fe81c53f16b0dc4ad5f7dba7ab43b3152fcb4b19a16b393455eb77515263c4,DUPLICATE
Aluminium,Defective,image_75.jpg,Aluminium\Defective\image_75.jpg,606,398,JPEG,efa22720fbf77486d5b92f402e064446ad7f23d995b647f3c552be03249855aa,VALID
Aluminium,Defective,image_75_merged_1.jpg,Aluminium\Defective\image_75_merged_1.jpg,606,398,JPEG,efa22720fbf77486d5b92f402e064446ad7f23d995b647f3c552be03249855aa,DUPLICATE
Aluminium,Defective,image_76.jpg,Aluminium\Defective\image_76.jpg,655,355,JPEG,f7bb2088d5958d6ef8561ee7bd1e4bc15366175ecb79a680e70804741f5f536b,VALID
Aluminium,Defective,image_76_merged_1.jpg,Aluminium\Defective\image_76_merged_1.jpg,655,355,JPEG,f7bb2088d5958d6ef8561ee7bd1e4bc15366175ecb79a680e70804741f5f536b,DUPLICATE
Aluminium,Defective,image_77.jpg,Aluminium\Defective\image_77.jpg,662,509,JPEG,ad410481702dc63b4f4ff017afc231243d1ec774c7a9815cc8a7b8ac48c70483,VALID
Aluminium,Defective,image_77_merged_1.jpg,Aluminium\Defective\image_77_merged_1.jpg,662,509,JPEG,ad410481702dc63b4f4ff017afc231243d1ec774c7a9815cc8a7b8ac48c70483,DUPLICATE
Aluminium,Defective,image_78.jpg,Aluminium\Defective\image_78.jpg,692,358,JPEG,41be9a04c5174ffccdcbdbcc47dea57941ff281b0e0c1913803d657a23fd832a,VALID
Aluminium,Defective,image_78_merged_1.jpg,Aluminium\Defective\image_78_merged_1.jpg,692,358,JPEG,41be9a04c5174ffccdcbdbcc47dea57941ff281b0e0c1913803d657a23fd832a,DUPLICATE
Aluminium,Defective,image_79.jpg,Aluminium\Defective\image_79.jpg,638,463,JPEG,011507fbc90afa6ff6f64d3a0cd12b8a522a8e04a67992152b746a617f6e3e79,VALID
Aluminium,Defective,image_79_merged_1.jpg,Aluminium\Defective\image_79_merged_1.jpg,638,463,JPEG,011507fbc90afa6ff6f64d3a0cd12b8a522a8e04a67992152b746a617f6e3e79,DUPLICATE
Aluminium,Defective,image_7_merged_1.jpg,Aluminium\Defective\image_7_merged_1.jpg,2560,1911,JPEG,943ba55e24fa660f7747ae194de01953f4b6b5182993c8eeab5d063018df520b,DUPLICATE
Aluminium,Defective,image_8.jpg,Aluminium\Defective\image_8.jpg,1024,768,JPEG,7510be20763735fdfcd3faf94e6ca8f62d951d972ffef64ecaaca6980d2db16d,VALID
Aluminium,Defective,image_80.jpg,Aluminium\Defective\image_80.jpg,1105,738,JPEG,546eebc14e5c8489bf66dcfed2c0a46e9a3aae68efa9d4debae5af3c43eab4c4,VALID
Aluminium,Defective,image_80_merged_1.jpg,Aluminium\Defective\image_80_merged_1.jpg,1105,738,JPEG,546eebc14e5c8489bf66dcfed2c0a46e9a3aae68efa9d4debae5af3c43eab4c4,DUPLICATE
Aluminium,Defective,image_81.jpg,Aluminium\Defective\image_81.jpg,869,753,JPEG,af0701a418693e18ea0a9bef16a9b12175280259cffc3b60786b56809f6015c2,VALID
Aluminium,Defective,image_81_merged_1.jpg,Aluminium\Defective\image_81_merged_1.jpg,869,753,JPEG,af0701a418693e18ea0a9bef16a9b12175280259cffc3b60786b56809f6015c2,DUPLICATE
Aluminium,Defective,image_82.jpg,Aluminium\Defective\image_82.jpg,982,641,JPEG,43d53a3c500da7fb480553cdea13dc8c7f6ac6cf0d9b59b9b0bfb111a7bd2894,VALID
Aluminium,Defective,image_82_merged_1.jpg,Aluminium\Defective\image_82_merged_1.jpg,982,641,JPEG,43d53a3c500da7fb480553cdea13dc8c7f6ac6cf0d9b59b9b0bfb111a7bd2894,DUPLICATE
Aluminium,Defective,image_83.jpg,Aluminium\Defective\image_83.jpg,767,448,JPEG,6a8f9b151ba8888b8a04a8b5a53e50d8fff63f704e56dcbe4c5b0d66566410a5,VALID
Aluminium,Defective,image_83_merged_1.jpg,Aluminium\Defective\image_83_merged_1.jpg,767,448,JPEG,6a8f9b151ba8888b8a04a8b5a53e50d8fff63f704e56dcbe4c5b0d66566410a5,DUPLICATE
Aluminium,Defective,image_84.jpg,Aluminium\Defective\image_84.jpg,767,269,JPEG,3f3b34a214984ebb0ef3bc28762b1e570a765fbc1b48e09e9f280d552f4a0f0f,VALID
Aluminium,Defective,image_84_merged_1.jpg,Aluminium\Defective\image_84_merged_1.jpg,767,269,JPEG,3f3b34a214984ebb0ef3bc28762b1e570a765fbc1b48e09e9f280d552f4a0f0f,DUPLICATE
Aluminium,Defective,image_85.jpg,Aluminium\Defective\image_85.jpg,601,261,JPEG,2a4f7f734ec4ac0b6db6bb99bdd6a79004d9af2d983ffe6ace807b1f0d52e15a,VALID
Aluminium,Defective,image_85_merged_1.jpg,Aluminium\Defective\image_85_merged_1.jpg,601,261,JPEG,2a4f7f734ec4ac0b6db6bb99bdd6a79004d9af2d983ffe6ace807b1f0d52e15a,DUPLICATE
Aluminium,Defective,image_86.jpg,Aluminium\Defective\image_86.jpg,601,185,JPEG,5e4d316a6d319cb4c6f8c8216bf7317eb4b57603a6af3eb21e33c55a469232f0,VALID
Aluminium,Defective,image_86_merged_1.jpg,Aluminium\Defective\image_86_merged_1.jpg,601,185,JPEG,5e4d316a6d319cb4c6f8c8216bf7317eb4b57603a6af3eb21e33c55a469232f0,DUPLICATE
Aluminium,Defective,image_87.jpg,Aluminium\Defective\image_87.jpg,776,625,JPEG,39250014cb8aa17c2a4054ce7f60b120627b9aba966b2591279589cea424b19a,VALID
Aluminium,Defective,image_87_merged_1.jpg,Aluminium\Defective\image_87_merged_1.jpg,776,625,JPEG,39250014cb8aa17c2a4054ce7f60b120627b9aba966b2591279589cea424b19a,DUPLICATE
Aluminium,Defective,image_88.png,Aluminium\Defective\image_88.png,2817,1117,PNG,47d47508f0b8bb0115cac645b7dc7b4b1e74b8aa08c65f4184464d28fff3a039,VALID
Aluminium,Defective,image_88_merged_1.png,Aluminium\Defective\image_88_merged_1.png,2817,1117,PNG,47d47508f0b8bb0115cac645b7dc7b4b1e74b8aa08c65f4184464d28fff3a039,DUPLICATE
Aluminium,Defective,image_89.png,Aluminium\Defective\image_89.png,2817,1357,PNG,6617784aed26a6a6f8ed23e8210e49b040047d5832c7a60b599be7b48eecba9c,VALID
Aluminium,Defective,image_89_merged_1.png,Aluminium\Defective\image_89_merged_1.png,2817,1357,PNG,6617784aed26a6a6f8ed23e8210e49b040047d5832c7a60b599be7b48eecba9c,DUPLICATE
Aluminium,Defective,image_8_merged_1.jpg,Aluminium\Defective\image_8_merged_1.jpg,1024,768,JPEG,7510be20763735fdfcd3faf94e6ca8f62d951d972ffef64ecaaca6980d2db16d,DUPLICATE
Aluminium,Defective,image_9.jpg,Aluminium\Defective\image_9.jpg,1024,768,JPEG,9b583029acdc419732433642ce14292208e1357155de218c2bef3b80936a175d,VALID
Aluminium,Defective,image_90.jpg,Aluminium\Defective\image_90.jpg,1042,1400,JPEG,eaf04f21a4b6cce8fa1c275e9d664ab5219b4ae2e0969db17cd72cb40700faa3,VALID
Aluminium,Defective,image_90_merged_1.jpg,Aluminium\Defective\image_90_merged_1.jpg,1042,1400,JPEG,eaf04f21a4b6cce8fa1c275e9d664ab5219b4ae2e0969db17cd72cb40700faa3,DUPLICATE
Aluminium,Defective,image_91.png,Aluminium\Defective\image_91.png,438,330,PNG,57dffa11fbe58e324b7d6209224de501459d87b65226f50a5277d9205f2a55fb,VALID
Aluminium,Defective,image_91_merged_1.png,Aluminium\Defective\image_91_merged_1.png,438,330,PNG,57dffa11fbe58e324b7d6209224de501459d87b65226f50a5277d9205f2a55fb,DUPLICATE
Aluminium,Defective,image_92.jpg,Aluminium\Defective\image_92.jpg,198,737,JPEG,e28c996e5c715e8f2f75eef7aeb7512392c51a3629e5a50159d8cb11792a509d,VALID
Aluminium,Defective,image_92_merged_1.jpg,Aluminium\Defective\image_92_merged_1.jpg,198,737,JPEG,e28c996e5c715e8f2f75eef7aeb7512392c51a3629e5a50159d8cb11792a509d,DUPLICATE
Aluminium,Defective,image_93.jpg,Aluminium\Defective\image_93.jpg,780,585,JPEG,d1a366db1be51214a475faa923ba1af7ed198148a86c4107705f60d6319accc8,VALID
Aluminium,Defective,image_93_merged_1.jpg,Aluminium\Defective\image_93_merged_1.jpg,780,585,JPEG,d1a366db1be51214a475faa923ba1af7ed198148a86c4107705f60d6319accc8,DUPLICATE
Aluminium,Defective,image_94.jpg,Aluminium\Defective\image_94.jpg,160,1024,JPEG,5c19c736f6ed15337703064c676916263a556e12bc8bcab6e2a005311cf61418,VALID
Aluminium,Defective,image_94_merged_1.jpg,Aluminium\Defective\image_94_merged_1.jpg,160,1024,JPEG,5c19c736f6ed15337703064c676916263a556e12bc8bcab6e2a005311cf61418,DUPLICATE
Aluminium,Defective,image_95.jpg,Aluminium\Defective\image_95.jpg,160,1024,JPEG,5cb3d355befe83d3019d6e7dcbfdc5f2bfe2ac25382c2e6d0b9c78910da44ba0,VALID
Aluminium,Defective,image_95_merged_1.jpg,Aluminium\Defective\image_95_merged_1.jpg,160,1024,JPEG,5cb3d355befe83d3019d6e7dcbfdc5f2bfe2ac25382c2e6d0b9c78910da44ba0,DUPLICATE
Aluminium,Defective,image_96.jpg,Aluminium\Defective\image_96.jpg,160,1024,JPEG,8cec4cf2ccdcba7b9cf8e00f5cbb6479d0a60c324f4776504c8ddbcb0316db69,VALID
Aluminium,Defective,image_96_merged_1.jpg,Aluminium\Defective\image_96_merged_1.jpg,160,1024,JPEG,8cec4cf2ccdcba7b9cf8e00f5cbb6479d0a60c324f4776504c8ddbcb0316db69,DUPLICATE
Aluminium,Defective,image_97.jpg,Aluminium\Defective\image_97.jpg,160,1024,JPEG,8f07185954ac9b8467d1192cd902ad35206dd02db872b5447e64000a34e69602,VALID
Aluminium,Defective,image_97_merged_1.jpg,Aluminium\Defective\image_97_merged_1.jpg,160,1024,JPEG,8f07185954ac9b8467d1192cd902ad35206dd02db872b5447e64000a34e69602,DUPLICATE
Aluminium,Defective,image_98.jpg,Aluminium\Defective\image_98.jpg,160,1024,JPEG,79ac59aea592123588f22033f230fb2ff09d1ed7c9ea3bf24888be0ef77660fd,VALID
Aluminium,Defective,image_98_merged_1.jpg,Aluminium\Defective\image_98_merged_1.jpg,160,1024,JPEG,79ac59aea592123588f22033f230fb2ff09d1ed7c9ea3bf24888be0ef77660fd,DUPLICATE
Aluminium,Defective,image_99.jpg,Aluminium\Defective\image_99.jpg,160,1024,JPEG,d560c8b2f22b0909796e1a524219ff1dfbec026379f4246fa508da2f665e220e,VALID
Aluminium,Defective,image_99_merged_1.jpg,Aluminium\Defective\image_99_merged_1.jpg,160,1024,JPEG,d560c8b2f22b0909796e1a524219ff1dfbec026379f4246fa508da2f665e220e,DUPLICATE
Aluminium,Defective,image_9_merged_1.jpg,Aluminium\Defective\image_9_merged_1.jpg,1024,768,JPEG,9b583029acdc419732433642ce14292208e1357155de218c2bef3b80936a175d,DUPLICATE
Aluminium,Good,image_10g.jpg,Aluminium\Good\image_10g.jpg,458,258,JPEG,a61b1fd78da7a4f2b76167949919f9c1dcac5438bb2ec1454fb8e32951bcf259,VALID
Aluminium,Good,image_10g_merged_1.jpg,Aluminium\Good\image_10g_merged_1.jpg,458,258,JPEG,a61b1fd78da7a4f2b76167949919f9c1dcac5438bb2ec1454fb8e32951bcf259,DUPLICATE
Aluminium,Good,image_11g.jpg,Aluminium\Good\image_11g.jpg,538,343,JPEG,3e198bfc8e2e1c5745c873692bacbc02bab0f771c62f891c4c991f2b7f5da9cb,VALID
Aluminium,Good,image_11g_merged_1.jpg,Aluminium\Good\image_11g_merged_1.jpg,538,343,JPEG,3e198bfc8e2e1c5745c873692bacbc02bab0f771c62f891c4c991f2b7f5da9cb,DUPLICATE
Aluminium,Good,image_12g.jpg,Aluminium\Good\image_12g.jpg,684,448,JPEG,914056f4e189643149d2b71c3bdc426308096933ab09f05be7c3a1394dbaf4a2,VALID
Aluminium,Good,image_12g_merged_1.jpg,Aluminium\Good\image_12g_merged_1.jpg,684,448,JPEG,914056f4e189643149d2b71c3bdc426308096933ab09f05be7c3a1394dbaf4a2,DUPLICATE
Aluminium,Good,image_13g.jpg,Aluminium\Good\image_13g.jpg,287,522,JPEG,ad1d946231966eed0db75aa21ffeed04a758dba6033b32bcf5206849e249df85,VALID
Aluminium,Good,image_13g_merged_1.jpg,Aluminium\Good\image_13g_merged_1.jpg,287,522,JPEG,ad1d946231966eed0db75aa21ffeed04a758dba6033b32bcf5206849e249df85,DUPLICATE
Aluminium,Good,image_14g.jpg,Aluminium\Good\image_14g.jpg,501,480,JPEG,8bb2f79f9201d85692e108962884724e28cb0dafcd672f8a9b85ad3003fe58d0,VALID
Aluminium,Good,image_14g_merged_1.jpg,Aluminium\Good\image_14g_merged_1.jpg,501,480,JPEG,8bb2f79f9201d85692e108962884724e28cb0dafcd672f8a9b85ad3003fe58d0,DUPLICATE
Aluminium,Good,image_1g.jpg,Aluminium\Good\image_1g.jpg,1200,1012,JPEG,dfc9e5c432fcff004832017f150395890a3aabf9005f8573f17d75c93e35c1e0,VALID
Aluminium,Good,image_1g_merged_1.jpg,Aluminium\Good\image_1g_merged_1.jpg,1200,1012,JPEG,dfc9e5c432fcff004832017f150395890a3aabf9005f8573f17d75c93e35c1e0,DUPLICATE
Aluminium,Good,image_2g.jpg,Aluminium\Good\image_2g.jpg,388,255,JPEG,518202249f64fdd0005b5eb4eff483aeeb0845463e8f9b38aa4d34d4862a1e8a,VALID
Aluminium,Good,image_2g_merged_1.jpg,Aluminium\Good\image_2g_merged_1.jpg,388,255,JPEG,518202249f64fdd0005b5eb4eff483aeeb0845463e8f9b38aa4d34d4862a1e8a,DUPLICATE
Aluminium,Good,image_3g.jpg,Aluminium\Good\image_3g.jpg,793,646,JPEG,9bfa06609d95c43400a75d19cd9e817599d22feb04632b58ad604a8087169e6a,VALID
Aluminium,Good,image_3g_merged_1.jpg,Aluminium\Good\image_3g_merged_1.jpg,793,646,JPEG,9bfa06609d95c43400a75d19cd9e817599d22feb04632b58ad604a8087169e6a,DUPLICATE
Aluminium,Good,image_4g.jpg,Aluminium\Good\image_4g.jpg,580,544,JPEG,fe91f1d18f5d74b01e4b06f04fbafb9d59fd89dad085aa9454fc3bacc1a68d2a,VALID
Aluminium,Good,image_4g_merged_1.jpg,Aluminium\Good\image_4g_merged_1.jpg,580,544,JPEG,fe91f1d18f5d74b01e4b06f04fbafb9d59fd89dad085aa9454fc3bacc1a68d2a,DUPLICATE
Aluminium,Good,image_5g.jpg,Aluminium\Good\image_5g.jpg,799,524,JPEG,73c25cbedad026eeb6caaa15583f1f45b8beb51d885d9a4d66239205870e9213,VALID
Aluminium,Good,image_5g_merged_1.jpg,Aluminium\Good\image_5g_merged_1.jpg,799,524,JPEG,73c25cbedad026eeb6caaa15583f1f45b8beb51d885d9a4d66239205870e9213,DUPLICATE
Aluminium,Good,image_6g.jpg,Aluminium\Good\image_6g.jpg,723,427,JPEG,a3ec9917f08e087c3161a1ed24cffae8b2b104715b8a773045401c7fd2b515d2,VALID
Aluminium,Good,image_6g_merged_1.jpg,Aluminium\Good\image_6g_merged_1.jpg,723,427,JPEG,a3ec9917f08e087c3161a1ed24cffae8b2b104715b8a773045401c7fd2b515d2,DUPLICATE
Aluminium,Good,image_7g.jpg,Aluminium\Good\image_7g.jpg,492,261,JPEG,b3670d422156e1de7f8bae29127d9ad378c69852a2dfbba7a74616b548e2b7b9,VALID
Aluminium,Good,image_7g_merged_1.jpg,Aluminium\Good\image_7g_merged_1.jpg,492,261,JPEG,b3670d422156e1de7f8bae29127d9ad378c69852a2dfbba7a74616b548e2b7b9,DUPLICATE
Copper,Defective,image_68.jpg,Copper\Defective\image_68.jpg,876,531,JPEG,9874bebc0f69015b1eb29a9e681e86db00c0e1408e16930259f5f302f5e2c5bc,VALID
Copper,Defective,image_68_merged_1.jpg,Copper\Defective\image_68_merged_1.jpg,876,531,JPEG,9874bebc0f69015b1eb29a9e681e86db00c0e1408e16930259f5f302f5e2c5bc,DUPLICATE
Copper,Defective,image_69.jpg,Copper\Defective\image_69.jpg,719,360,JPEG,e7063d11eb5bbfea1f184c7ed5327fabff9f5f13397a1649befb737e433af11e,VALID
Copper,Defective,image_69_merged_1.jpg,Copper\Defective\image_69_merged_1.jpg,719,360,JPEG,e7063d11eb5bbfea1f184c7ed5327fabff9f5f13397a1649befb737e433af11e,DUPLICATE
Copper,Defective,image_70.jpg,Copper\Defective\image_70.jpg,745,374,JPEG,aeb658687a535d6de8a9212a5b285104ab2f7db6d0a701660e0d2ca248d00ca4,VALID
Copper,Defective,image_70_merged_1.jpg,Copper\Defective\image_70_merged_1.jpg,745,374,JPEG,aeb658687a535d6de8a9212a5b285104ab2f7db6d0a701660e0d2ca248d00ca4,DUPLICATE
Copper,Defective,image_72.jpg,Copper\Defective\image_72.jpg,912,547,JPEG,4ce8b799f866abdb0028527c168a324b24c9c17e7a3d87b331efd2c60abb17f2,VALID
Copper,Defective,image_72_merged_1.jpg,Copper\Defective\image_72_merged_1.jpg,912,547,JPEG,4ce8b799f866abdb0028527c168a324b24c9c17e7a3d87b331efd2c60abb17f2,DUPLICATE
Copper,Good,image_8g.jpg,Copper\Good\image_8g.jpg,477,569,JPEG,e78a6b8c181307751c3e5f85dd5cdcd550cdc2d1fc81d0f01c8c27c7bf7f12b8,VALID
Copper,Good,image_8g_merged_1.jpg,Copper\Good\image_8g_merged_1.jpg,477,569,JPEG,e78a6b8c181307751c3e5f85dd5cdcd550cdc2d1fc81d0f01c8c27c7bf7f12b8,DUPLICATE
Copper,Good,image_9g.jpg,Copper\Good\image_9g.jpg,382,548,JPEG,d5cbb58f24b61a4c77e07c7818e1c2bad0ca9401fba0949a78903950af275779,VALID
Copper,Good,image_9g_merged_1.jpg,Copper\Good\image_9g_merged_1.jpg,382,548,JPEG,d5cbb58f24b61a4c77e07c7818e1c2bad0ca9401fba0949a78903950af275779,DUPLICATE
Iron,Defective,1.PNG,Iron\Defective\1.PNG,496,184,PNG,0ecf11addeea979962eb8165337f2e6d56bed70151fd08e5702ee5fe2c307e69,VALID
Iron,Defective,10.PNG,Iron\Defective\10.PNG,710,295,PNG,9f53909048abc5e37be9cfc8ec340047e6e0b77458df3123426dc183db15b77e,VALID
Iron,Defective,11.PNG,Iron\Defective\11.PNG,727,297,PNG,859049705baf1a26dc91497065c72d439b3d08fc6a51c36ac4417ffeca8b969e,VALID
Iron,Defective,12.PNG,Iron\Defective\12.PNG,731,268,PNG,6bff606a2a14228908d59231fdcb57b7e2de4e7ea06680a8601e1fa28c05d19f,VALID
Iron,Defective,13.PNG,Iron\Defective\13.PNG,758,286,PNG,7d5bb08c55939949b5f495885fe8849f0d0f118562bc96e3d5503b6c9651499e,VALID
Iron,Defective,14.PNG,Iron\Defective\14.PNG,745,309,PNG,c60ca56752959fcadf630768c3cfef7b2213517b6c226aae67daa1c6f98f29fe,VALID
Iron,Defective,15.PNG,Iron\Defective\15.PNG,721,319,PNG,59d94bc3e540a5a567dec4e412b28b790f888424e6ce173bcd24640c922bc9be,VALID
Iron,Defective,16.PNG,Iron\Defective\16.PNG,753,262,PNG,9f6e27155093421d7253f31e94c010f2fe1f78b13715d399d0ac130b1447b8ad,VALID
Iron,Defective,17.PNG,Iron\Defective\17.PNG,782,260,PNG,4fbf3e9ac4a0c379af41429c15d283bef30dfeefcd372cbfcb8c01bff53c211f,VALID
Iron,Defective,18.PNG,Iron\Defective\18.PNG,688,309,PNG,bdf0d651389fa381c7bb77125f6f05518da876170c807f9c217e32011d5aa46a,VALID
Iron,Defective,19.PNG,Iron\Defective\19.PNG,716,288,PNG,547d7edaf560ed86228f138bc999295033eda2a80587c0594787064ee2a250ae,VALID
Iron,Defective,2.PNG,Iron\Defective\2.PNG,514,183,PNG,72fc63d6fcff6d2838031b72a3dfd1260983da07e8ab0c682fe6a7e53be485c1,VALID
Iron,Defective,20.PNG,Iron\Defective\20.PNG,695,348,PNG,8278442152bdf02ccf1875e28a6c8be0c019618896f041bd51c6d210be7b7717,VALID
Iron,Defective,21.PNG,Iron\Defective\21.PNG,737,320,PNG,8d5f8d060cc8c84f27b1fd217fa6086f5a83a6f510e116ef20ea11a3e92bb2e6,VALID
Iron,Defective,22.PNG,Iron\Defective\22.PNG,712,327,PNG,90ac6646022079baafac153d66c2841e7403eea7bce7939bdb6406d1e739f6cc,VALID
Iron,Defective,23.PNG,Iron\Defective\23.PNG,776,305,PNG,8d221f3f72603ad370b859d8daa68fe3296e10504f73d186ba1aecf35660b406,VALID
Iron,Defective,24.PNG,Iron\Defective\24.PNG,727,329,PNG,e31559559e068b32746ebe5fdf57f81d3ab95d977a1c842b6d0620f9c1a8e48d,VALID
Iron,Defective,25.PNG,Iron\Defective\25.PNG,798,300,PNG,74f02a84d7eb6e00b71ee7450384a2e8c3ea3a915b7857a3f7245cd93b0a7934,VALID
Iron,Defective,26.PNG,Iron\Defective\26.PNG,793,292,PNG,a4722c69c24a96585bdd8f2e55a95a10165566d5a257319714a60381c9543e7f,VALID
Iron,Defective,27.PNG,Iron\Defective\27.PNG,790,290,PNG,c2fe36df347c7f73f26c133facfc7d4748e80ba4043c0f3ced03c452eca7cbbd,VALID
Iron,Defective,28.PNG,Iron\Defective\28.PNG,767,312,PNG,e9940bebf5662c1c7bd986f09befc0d4b533e500b0841487faacfd3d9a43ac0b,VALID
Iron,Defective,29.PNG,Iron\Defective\29.PNG,823,314,PNG,ac69ee22968fb3be436644e3603faa629cd14e0a9fd5556aafcee09a2bd78054,VALID
Iron,Defective,3.PNG,Iron\Defective\3.PNG,526,181,PNG,3da65b948da0175c74660e716b6187bcce0cad3b32108b70bb3c68ddcd331ae8,VALID
Iron,Defective,30.PNG,Iron\Defective\30.PNG,697,343,PNG,049a35c7548f9c729c04f4f71b27f575bc5b2a37c5c221270ca695c0f7f2679f,VALID
Iron,Defective,31.PNG,Iron\Defective\31.PNG,748,317,PNG,b460f827263e2c5d5ac12e3e05ca86bf7421619c8598811bb2b2b97779fb359b,VALID
Iron,Defective,32.PNG,Iron\Defective\32.PNG,708,338,PNG,f361901088b2270f30f8ad296ab5f293d489b16614c98c82d50b7954d02d7ac0,VALID
Iron,Defective,33.PNG,Iron\Defective\33.PNG,753,337,PNG,0c7095d0d01da3637f1a65f88ea7af861192778adf5aeb8d6e15a0c357485e38,VALID
Iron,Defective,34.PNG,Iron\Defective\34.PNG,708,367,PNG,3c7394f57f799ba87ffef3fe37ae6b9e0685a09dfd601f4897eedc21deb00eb9,VALID
Iron,Defective,35.PNG,Iron\Defective\35.PNG,815,337,PNG,97461b35a3517b7e4fb7cb086bff32e46368895257a52aa533a117113fd94fcb,VALID
Iron,Defective,36.PNG,Iron\Defective\36.PNG,749,346,PNG,d1d5c7cf08b1c938183bb6b4f2e51fb537b818394bed5a3fb4a43a09c19e94c4,VALID
Iron,Defective,37.PNG,Iron\Defective\37.PNG,802,286,PNG,82626125a79210f5ac367a2a898994329b23efcf16b217234fdced7cda107bf3,VALID
Iron,Defective,38.PNG,Iron\Defective\38.PNG,732,360,PNG,1e7c5fe4ecfef81025bcf79c2370993db5f08b64ebf073b96eb21e46b3d9187b,VALID
Iron,Defective,39.PNG,Iron\Defective\39.PNG,798,378,PNG,9c7b862b5b839416160ee32b78564785f8f0b74173d115f055a06b65a9df394d,VALID
Iron,Defective,4.PNG,Iron\Defective\4.PNG,511,192,PNG,d19e00121036b69a763a436945d688055a9a03e25e5604bd2ad8d64366a75178,VALID
Iron,Defective,40.PNG,Iron\Defective\40.PNG,742,369,PNG,e003fac2658c72818ee9b7cf87973b273e81d8b7d0cc4bf36fe2661aed65f667,VALID
Iron,Defective,41.PNG,Iron\Defective\41.PNG,835,318,PNG,9c2fb840bd7e61cedb303ce6f57d931d621970ad2cf42550d3e4d02e5d6d271c,VALID
Iron,Defective,42.PNG,Iron\Defective\42.PNG,715,271,PNG,f8b7b7af2c326f5516dccfc27d95c52d31062f4214667491dc29989ea21092ca,VALID
Iron,Defective,43.PNG,Iron\Defective\43.PNG,763,288,PNG,174821bacbb2c6e9751b3c396418f952905d7938a77fa857bbe9b0f9e3809eb8,VALID
Iron,Defective,44.PNG,Iron\Defective\44.PNG,740,307,PNG,4942c142a1e092f0be87945a5af218627fbcfae2deb3211f73812e4649d05069,VALID
Iron,Defective,45.PNG,Iron\Defective\45.PNG,781,291,PNG,9f14504e9754403eef3e60df07034ca464a82ada5baa214796d6d962607b2bad,VALID
Iron,Defective,46.PNG,Iron\Defective\46.PNG,775,309,PNG,34bb99e65f760db95570286e07b5441d98c7f2263545d0669e694778a4002eb6,VALID
Iron,Defective,47.PNG,Iron\Defective\47.PNG,776,314,PNG,af01d91a870402540f96ba648b6c873d5be3f89305fd46b511b37e280c7bf83c,VALID
Iron,Defective,48.PNG,Iron\Defective\48.PNG,747,347,PNG,a84198c3753e2ce4cd437b9b7324e5158dc134949f2ae5c89a8b9b1cd04a5468,VALID
Iron,Defective,49.PNG,Iron\Defective\49.PNG,811,316,PNG,87371dc3e5bd5284eba784b949138068c9e200759ed5c3ed6b945536a560d032,VALID
Iron,Defective,5.PNG,Iron\Defective\5.PNG,529,198,PNG,fdea62fc45cb423ce8b5b668e379d57c0e6fbe78176ed6f49b7287bb1a670796,VALID
Iron,Defective,50.PNG,Iron\Defective\50.PNG,817,348,PNG,a4430c5ddaed381cf810998a189d7479e9cd53aac69ef46d50aa0403ed5a2071,VALID
Iron,Defective,51.PNG,Iron\Defective\51.PNG,803,331,PNG,16958323bfee557cfc1c076d8f3e6f2a0400220c14339bd91f551ee6b59e3e44,VALID
Iron,Defective,52.PNG,Iron\Defective\52.PNG,833,355,PNG,9b33090a4fa15ad080f644d3bb14512114b3e138eddbadbabd7f1aa0ea8da007,VALID
Iron,Defective,53.PNG,Iron\Defective\53.PNG,835,331,PNG,ee2d994d1f368cafe28ad3e171662d19603ae76e4a6a433bd596eab6f28f91ed,VALID
Iron,Defective,54.PNG,Iron\Defective\54.PNG,826,290,PNG,e2abd3a5c6bed2357c2e945d6effaa1f954706d851b0c1f60aeadf582d8103c9,VALID
Iron,Defective,55.PNG,Iron\Defective\55.PNG,856,314,PNG,d3e71a36c0e2106acc12682c7376a6b4043d11871aeee4ae490bd5bc5782ab50,VALID
Iron,Defective,56.PNG,Iron\Defective\56.PNG,791,322,PNG,c87ed596f5a71c243185c7ca2c6f330077d5230d05003749158bb1f681724a9e,VALID
Iron,Defective,57.PNG,Iron\Defective\57.PNG,838,285,PNG,399423045f8dc30f5478ab95bdcad9d303e66216d80cc0ca2a1101b4a9d06cdb,VALID
Iron,Defective,58.PNG,Iron\Defective\58.PNG,801,311,PNG,a02b5699d746e70b9e211505777d7f2b9049d5e2ee06de168dcab0c204d2a78d,VALID
Iron,Defective,59.PNG,Iron\Defective\59.PNG,872,351,PNG,5c9c5ca95c2067ca0983521c3f759ff97e964f9bc5ea272187bd65dd011eaf72,VALID
Iron,Defective,6.PNG,Iron\Defective\6.PNG,694,300,PNG,6d36e6f67fab45f27191bc246ebd87424d45c547e15ef08a6df330bbea4973c4,VALID
Iron,Defective,60.PNG,Iron\Defective\60.PNG,815,396,PNG,659b33f234ff31229c68cc48b04ecc6a91a954281ff642b763e0e3853cec1997,VALID
Iron,Defective,61.PNG,Iron\Defective\61.PNG,888,357,PNG,5b3dbbab90ff0b061f79a5ecde97c0ab3ee7267e4a1d2ee6d0a81682fa49710c,VALID
Iron,Defective,62.PNG,Iron\Defective\62.PNG,851,322,PNG,e02f4f0c09fa69202de4ce918cc5bd0491fe548fa561f829b6bf075afcf7faac,VALID
Iron,Defective,63.PNG,Iron\Defective\63.PNG,876,386,PNG,d7e0d9d2ddd058ffcfe03f6583289ea1c982b3528688822c1d3e7b24e950ce70,VALID
Iron,Defective,64.PNG,Iron\Defective\64.PNG,802,320,PNG,c79f7dd7ec1f04dc51750053c0ad578a7fbf159d3755d476b2bedfc09ebfeedb,VALID
Iron,Defective,65.PNG,Iron\Defective\65.PNG,829,281,PNG,f2544b46cedab39d6362024d0d84fc16a7481d002de5f14d532108a17a4acfd0,VALID
Iron,Defective,66.PNG,Iron\Defective\66.PNG,832,376,PNG,f6d41a36b9b1f18ec9a8e69c5bcff47832ec85829519c956fb1b964668bac80a,VALID
Iron,Defective,67.PNG,Iron\Defective\67.PNG,878,372,PNG,129f391470eebaee39aac7f6375b714de43dd3859d865759c88796e638168d94,VALID
Iron,Defective,68.PNG,Iron\Defective\68.PNG,832,312,PNG,0e176ecae942bb17a4eacd9f57d9445ec7b6c51cd990fd8b3ed2c3442b7d24bf,VALID
Iron,Defective,69.PNG,Iron\Defective\69.PNG,893,293,PNG,df8ae8bc82f4d1e4f0d9e0d3c72bd632d9c6c2175342b41a9daedc804f3684d5,VALID
Iron,Defective,7.PNG,Iron\Defective\7.PNG,710,334,PNG,8313533a4ec1c2303813c03ed2f61d3c7d26609677f8848e9255fa4a1b71c7b8,VALID
Iron,Defective,70.PNG,Iron\Defective\70.PNG,846,372,PNG,ae61d32cded976e4f7656800a9ecedfabd2ebb6bf277c9d115d0c294ab832ae7,VALID
Iron,Defective,71.PNG,Iron\Defective\71.PNG,898,298,PNG,f0e747d6281e95094ebb20e4037eaacaeff25d8fd2e01491b7a9a288edc674b2,VALID
Iron,Defective,72.PNG,Iron\Defective\72.PNG,875,362,PNG,568b64aebb1d7871714136b45fb3fd31ed334e80ae0e535ee1394c988296c998,VALID
Iron,Defective,73.PNG,Iron\Defective\73.PNG,911,371,PNG,e8a923081bf7da0d3793df87a4265abe6dc9f1efd5726569393848ffc1cbfd79,VALID
Iron,Defective,74.PNG,Iron\Defective\74.PNG,904,412,PNG,524b8999c2dbf481fc81da3f3f552134c39954dec75182cd5e1d4ea7508d9594,VALID
Iron,Defective,75.PNG,Iron\Defective\75.PNG,915,371,PNG,538b229118469efbfbd0c5b64192070de7dd1ae5ef124478803c1ac1da9437f3,VALID
Iron,Defective,76.PNG,Iron\Defective\76.PNG,798,337,PNG,a4905ce17d164185120855604471332b63038a12bec6d2da6671d74b5d3f7cc3,VALID
Iron,Defective,77.PNG,Iron\Defective\77.PNG,886,300,PNG,ccbbfa5335f75072ad7e7ec94db0714e4eaee65a36796569c6b88348e08e9913,VALID
Iron,Defective,78.PNG,Iron\Defective\78.PNG,900,271,PNG,3cc1073a6aa7854dc714cb39f2a5087422d4cb6ca7134495b82ef7956d009535,VALID
Iron,Defective,79.PNG,Iron\Defective\79.PNG,823,362,PNG,30f4dc5c41ea5d7af375b677d58c15f7b00a9b8ff19127c319ac22f9c73d5002,VALID
Iron,Defective,8.PNG,Iron\Defective\8.PNG,692,293,PNG,f300afc450e89a9dd26f4522955fdd47ac6244dcaa4bb56c69f5753149968405,VALID
Iron,Defective,80.PNG,Iron\Defective\80.PNG,889,373,PNG,298ca064e542e33454a502810d1ec27c4d824f87c1ef1dad14e9fef94d0f6562,VALID
Iron,Defective,81.PNG,Iron\Defective\81.PNG,873,325,PNG,0270010aebbc2fae5f411357eae9366eae73902d288048b78b91bbb7d92994da,VALID
Iron,Defective,82.PNG,Iron\Defective\82.PNG,920,374,PNG,33a14b111ec06edf879e4f0fd0aef275ddf6d0afad42710ae6463bee6eaf36de,VALID
Iron,Defective,83.PNG,Iron\Defective\83.PNG,868,428,PNG,59aedaf99c9b0c4ce5856e459195600511b8bcea024c909f60ff9cb8abaa782e,VALID
Iron,Defective,84.PNG,Iron\Defective\84.PNG,918,423,PNG,cee7e15b9b053307d99ce7fbdb3c55193ae90cd53bd8cdc9e4782b8b7acf71bc,VALID
Iron,Defective,85.PNG,Iron\Defective\85.PNG,841,282,PNG,c710827258093bda6fe4afa70769ee99ac8d211363389de8df05dcf41d3fa658,VALID
Iron,Defective,86.PNG,Iron\Defective\86.PNG,853,256,PNG,2ff27478be69cd466be6b812feca63ffebf316a0eef0a31040e44bf54097d990,VALID
Iron,Defective,87.PNG,Iron\Defective\87.PNG,879,272,PNG,7a6486e15a24642ed7cc1fef1a55729b7d18941e3a50898dc065620a5bc21a79,VALID
Iron,Defective,88.PNG,Iron\Defective\88.PNG,903,336,PNG,346b7138e2ce6e52b933d97254ddc85277636ceaf059bce0aade062e8708377d,VALID
Iron,Defective,89.PNG,Iron\Defective\89.PNG,919,388,PNG,5086bcbfe2c3a25e169b88367f28f26a33ecbb942706d73217d5280938a0a432,VALID
Iron,Defective,9.PNG,Iron\Defective\9.PNG,742,320,PNG,039a1f65cbec79e04931babae38e9764ff56f3573aa3ffff5d6e3923cf0fc550,VALID
Iron,Defective,90.PNG,Iron\Defective\90.PNG,969,361,PNG,c5efa9d90a1fba67c64665517f9fa20b74c65f2d25664d2194df03f6626c88a3,VALID
