source_file,material,condition,status,destination_file
Industrial_Metal_Surface_Dataset_COMPACT_FINAL\D\1\img_02_3436787300_00007.jpg,Steel,Defective,COPIED,Industrial_Metal_Surface_Dataset\Steel\Defective\img_02_3436787300_00007.jpg
Industrial_Metal_Surface_Dataset_COMPACT_FINAL\D\1\img_02_431854300_00002.jpg,Steel,Defective,COPIED,Industrial_Metal_Surface_Dataset\Steel\Defective\img_02_431854300_00002.jpg
Industrial_Metal_Surface_Dataset_COMPACT_FINAL\D\1\img_02_4402116500_00005.jpg,Steel,Defective,COPIED,Industrial_Metal_Surface_Dataset\Steel\Defective\img_02_4402116500_00005.jpg
Industrial_Metal_Surface_Dataset_COMPACT_FINAL\D\1\img_02_4402329000_00001.jpg,Steel,Defective,COPIED,Industrial_Metal_Surface_Dataset\Steel\Defective\img_02_4402329000_00001.jpg
Industrial_Metal_Surface_Dataset_COMPACT_FINAL\D\1\img_02_4402329100_00006.jpg,Steel,Defective,COPIED,Industrial_Metal_Surface_Dataset\Steel\Defective\img_02_4402329100_00006.jpg
Industrial_Metal_Surface_Dataset_COMPACT_FINAL\D\1\img_02_4402785600_00004.jpg,Steel,Defective,COPIED,Industrial_Metal_Surface_Dataset\Steel\Defective\img_02_4402785600_00004.jpg
Industrial_Metal_Surface_Dataset_COMPACT_FINAL\D\1\img_02_4405230800_01128.jpg,Steel,Defective,COPIED,Industrial_Metal_Surface_Dataset\Steel\Defective\img_02_4405230800_01128.jpg
Industrial_Metal_Surface_Dataset_COMPACT_FINAL\D\1\img_02_4405230800_01134.jpg,Steel,Defective,COPIED,Industrial_Metal_Surface_Dataset\Steel\Defective\img_02_4405230800_01134.jpg
Industrial_Metal_Surface_Dataset_COMPACT_FINAL\D\1\img_02_4406772100_00003.jpg,Steel,Defective,COPIED,Industrial_Metal_Surface_Dataset\Steel\Defective\img_02_4406772100_00003.jpg
Industrial_Metal_Surface_Dataset_COMPACT_FINAL\D\1\img_02_4406772100_00175.jpg,Steel,Defective,COPIED,Industrial_Metal_Surface_Dataset\Steel\Defective\img_02_4406772100_00175.jpg
Industrial_Metal_Surface_Dataset_COMPACT_FINAL\D\1\img_02_4406772100_00193.jpg,Steel,Defective,COPIED,Industrial_Metal_Surface_Dataset\Steel\Defective\img_02_4406772100_00193.jpg
Industrial_Metal_Surface_Dataset_COMPACT_FINAL\D\1\img_02_4406772100_00221.jpg,Steel,Defective,COPIED,Industrial_Metal_Surface_Dataset\Steel\Defective\img_02_4406772100_00221.jpg
Industrial_Metal_Surface_Dataset_COMPACT_FINAL\D\1\img_02_4406772100_00243.jpg,Steel,Defective,COPIED,Industrial_Metal_Surface_Dataset\Steel\Defective\img_02_4406772100_00243.jpg
Industrial_Metal_Surface_Dataset_COMPACT_FINAL\D\1\img_02_4406772100_00275.jpg,Steel,Defective,COPIED,Industrial_Metal_Surface_Dataset\Steel\Defective\img_02_4406772100_00275.jpg
Industrial_Metal_Surface_Dataset_COMPACT_FINAL\D\1\img_02_4406772100_00305.jpg,Steel,Defective,COPIED,Industrial_Metal_Surface_Dataset\Steel\Defective\img_02_4406772100_00305.jpg
Industrial_Metal_Surface_Dataset_COMPACT_FINAL\D\1\img_02_4406772100_00324.jpg,Steel,Defective,COPIED,Industrial_Metal_Surface_Dataset\Steel\Defective\img_02_4406772100_00324.jpg
Industrial_Metal_Surface_Dataset_COMPACT_FINAL\D\1\img_02_4406772100_00371.jpg,Steel,Defective,COPIED,Industrial_Metal_Surface_Dataset\Steel\Defective\img_02_4406772100_00371.jpg
Industrial_Metal_Surface_Dataset_COMPACT_FINAL\D\1\img_02_4406772100_00404.jpg,Steel,Defective,COPIED,Industrial_Metal_Surface_Dataset\Steel\Defective\img_02_4406772100_00404.jpg
Industrial_Metal_Surface_Dataset_COMPACT_FINAL\D\1\img_02_4406772100_00443.jpg,Steel,Defective,COPIED,Industrial_Metal_Surface_Dataset\Steel\Defective\img_02_4406772100_00443.jpg
Industrial_Metal_Surface_Dataset_COMPACT_FINAL\D\1\img_02_4406772100_00500.jpg,Steel,Defective,COPIED,Industrial_Metal_Surface_Dataset\Steel\Defective\img_02_4406772100_00500.jpg
Industrial_Metal_Surface_Dataset_COMPACT_FINAL\D\1\img_02_4406772100_00531.jpg,Steel,Defective,COPIED,Industrial_Metal_Surface_Dataset\Steel\Defective\img_02_4406772100_00531.jpg
Industrial_Metal_Surface_Dataset_COMPACT_FINAL\D\1\img_02_4406772100_00602.jpg,Steel,Defective,COPIED,Industrial_Metal_Surface_Dataset\Steel\Defective\img_02_4406772100_00602.jpg
Industrial_Metal_Surface_Dataset_COMPACT_FINAL\D\1\img_02_4406772100_00672.jpg,Steel,Defective,COPIED,Industrial_Metal_Surface_Dataset\Steel\Defective\img_02_4406772100_00672.jpg
Industrial_Metal_Surface_Dataset_COMPACT_FINAL\D\1\img_02_4406772100_00673.jpg,Steel,Defective,COPIED,Industrial_Metal_Surface_Dataset\Steel\Defective\img_02_4406772100_00673.jpg
Industrial_Metal_Surface_Dataset_COMPACT_FINAL\D\1\img_02_4406772100_00695.jpg,Steel,Defective,COPIED,Industrial_Metal_Surface_Dataset\Steel\Defective\img_02_4406772100_00695.jpg
Industrial_Metal_Surface_Dataset_COMPACT_FINAL\D\1\img_02_4406772100_00755.jpg,Steel,Defective,COPIED,Industrial_Metal_Surface_Dataset\Steel\Defective\img_02_4406772100_00755.jpg
Industrial_Metal_Surface_Dataset_COMPACT_FINAL\D\1\img_02_4406772100_00758.jpg,Steel,Defective,COPIED,Industrial_Metal_Surface_Dataset\Steel\Defective\img_02_4406772100_00758.jpg
Industrial_Metal_Surface_Dataset_COMPACT_FINAL\D\1\img_02_4406772100_00887.jpg,Steel,Defective,COPIED,Industrial_Metal_Surface_Dataset\Steel\Defective\img_02_4406772100_00887.jpg
Industrial_Metal_Surface_Dataset_COMPACT_FINAL\D\1\img_02_4406772100_01092.jpg,Steel,Defective,COPIED,Industrial_Metal_Surface_Dataset\Steel\Defective\img_02_4406772100_01092.jpg
Industrial_Metal_Surface_Dataset_COMPACT_FINAL\D\1\img_02_4406772100_01181.jpg,Steel,Defective,COPIED,Industrial_Metal_Surface_Dataset\Steel\Defective\img_02_4406772100_01181.jpg
Industrial_Metal_Surface_Dataset_COMPACT_FINAL\D\1\img_02_4406783500_00010.jpg,Steel,Defective,COPIED,Industrial_Metal_Surface_Dataset\Steel\Defective\img_02_4406783500_00010.jpg
Industrial_Metal_Surface_Dataset_COMPACT_FINAL\D\1\img_02_SIS001540_00034.jpg,Steel,Defective,COPIED,Industrial_Metal_Surface_Dataset\Steel\Defective\img_02_SIS001540_00034.jpg
Industrial_Metal_Surface_Dataset_COMPACT_FINAL\D\1\img_02_SIS001540_00088.jpg,Steel,Defective,COPIED,Industrial_Metal_Surface_Dataset\Steel\Defective\img_02_SIS001540_00088.jpg
Industrial_Metal_Surface_Dataset_COMPACT_FINAL\D\1\img_02_SIS001540_00105.jpg,Steel,Defective,COPIED,Industrial_Metal_Surface_Dataset\Steel\Defective\img_02_SIS001540_00105.jpg
Industrial_Metal_Surface_Dataset_COMPACT_FINAL\D\1\img_03_3402617700_00053.jpg,Steel,Defective,COPIED,Industrial_Metal_Surface_Dataset\Steel\Defective\img_03_3402617700_00053.jpg
Industrial_Metal_Surface_Dataset_COMPACT_FINAL\D\1\img_03_3403331900_01545.jpg,Steel,Defective,COPIED,Industrial_Metal_Surface_Dataset\Steel\Defective\img_03_3403331900_01545.jpg
Industrial_Metal_Surface_Dataset_COMPACT_FINAL\D\1\img_03_3403392000_01070.jpg,Steel,Defective,COPIED,Industrial_Metal_Surface_Dataset\Steel\Defective\img_03_3403392000_01070.jpg
Industrial_Metal_Surface_Dataset_COMPACT_FINAL\D\1\img_03_3403392100_00870.jpg,Steel,Defective,COPIED,Industrial_Metal_Surface_Dataset\Steel\Defective\img_03_3403392100_00870.jpg
Industrial_Metal_Surface_Dataset_COMPACT_FINAL\D\1\img_03_3403393700_00942.jpg,Steel,Defective,COPIED,Industrial_Metal_Surface_Dataset\Steel\Defective\img_03_3403393700_00942.jpg
Industrial_Metal_Surface_Dataset_COMPACT_FINAL\D\1\img_03_3403394100_01319.jpg,Steel,Defective,COPIED,Industrial_Metal_Surface_Dataset\Steel\Defective\img_03_3403394100_01319.jpg
Industrial_Metal_Surface_Dataset_COMPACT_FINAL\D\1\img_03_3403395700_01033.jpg,Steel,Defective,COPIED,Industrial_Metal_Surface_Dataset\Steel\Defective\img_03_3403395700_01033.jpg
Industrial_Metal_Surface_Dataset_COMPACT_FINAL\D\1\img_03_3403396800_01005.jpg,Steel,Defective,COPIED,Industrial_Metal_Surface_Dataset\Steel\Defective\img_03_3403396800_01005.jpg
Industrial_Metal_Surface_Dataset_COMPACT_FINAL\D\1\img_03_3403397300_00901.jpg,Steel,Defective,COPIED,Industrial_Metal_Surface_Dataset\Steel\Defective\img_03_3403397300_00901.jpg
Industrial_Metal_Surface_Dataset_COMPACT_FINAL\D\1\img_03_3403397500_01395.jpg,Steel,Defective,COPIED,Industrial_Metal_Surface_Dataset\Steel\Defective\img_03_3403397500_01395.jpg
Industrial_Metal_Surface_Dataset_COMPACT_FINAL\D\1\img_03_3403399200_00770.jpg,Steel,Defective,COPIED,Industrial_Metal_Surface_Dataset\Steel\Defective\img_03_3403399200_00770.jpg
Industrial_Metal_Surface_Dataset_COMPACT_FINAL\D\1\img_03_3403399500_00888.jpg,Steel,Defective,COPIED,Industrial_Metal_Surface_Dataset\Steel\Defective\img_03_3403399500_00888.jpg
Industrial_Metal_Surface_Dataset_COMPACT_FINAL\D\1\img_03_3403400200_00567.jpg,Steel,Defective,COPIED,Industrial_Metal_Surface_Dataset\Steel\Defective\img_03_3403400200_00567.jpg
Industrial_Metal_Surface_Dataset_COMPACT_FINAL\D\1\img_03_3403400500_00340.jpg,Steel,Defective,COPIED,Industrial_Metal_Surface_Dataset\Steel\Defective\img_03_3403400500_00340.jpg
Industrial_Metal_Surface_Dataset_COMPACT_FINAL\D\1\img_03_3403400600_00936.jpg,Steel,Defective,COPIED,Industrial_Metal_Surface_Dataset\Steel\Defective\img_03_3403400600_00936.jpg
Industrial_Metal_Surface_Dataset_COMPACT_FINAL\D\1\img_03_3403401700_00908.jpg,Steel,Defective,COPIED,Industrial_Metal_Surface_Dataset\Steel\Defective\img_03_3403401700_00908.jpg
Industrial_Metal_Surface_Dataset_COMPACT_FINAL\D\1\img_03_3403401800_00672.jpg,Steel,Defective,COPIED,Industrial_Metal_Surface_Dataset\Steel\Defective\img_03_3403401800_00672.jpg
Industrial_Metal_Surface_Dataset_COMPACT_FINAL\D\1\img_03_3403401900_00722.jpg,Steel,Defective,COPIED,Industrial_Metal_Surface_Dataset\Steel\Defective\img_03_3403401900_00722.jpg
Industrial_Metal_Surface_Dataset_COMPACT_FINAL\D\1\img_03_3403402100_00857.jpg,Steel,Defective,COPIED,Industrial_Metal_Surface_Dataset\Steel\Defective\img_03_3403402100_00857.jpg
Industrial_Metal_Surface_Dataset_COMPACT_FINAL\D\1\img_03_3403402800_00951.jpg,Steel,Defective,COPIED,Industrial_Metal_Surface_Dataset\Steel\Defective\img_03_3403402800_00951.jpg
Industrial_Metal_Surface_Dataset_COMPACT_FINAL\D\1\img_03_3403402900_00962.jpg,Steel,Defective,COPIED,Industrial_Metal_Surface_Dataset\Steel\Defective\img_03_3403402900_00962.jpg
Industrial_Metal_Surface_Dataset_COMPACT_FINAL\D\1\img_03_3403403500_00735.jpg,Steel,Defective,COPIED,Industrial_Metal_Surface_Dataset\Steel\Defective\img_03_3403403500_00735.jpg
Industrial_Metal_Surface_Dataset_COMPACT_FINAL\D\1\img_03_3403403700_00806.jpg,Steel,Defective,COPIED,Industrial_Metal_Surface_Dataset\Steel\Defective\img_03_3403403700_00806.jpg
Industrial_Metal_Surface_Dataset_COMPACT_FINAL\D\1\img_03_3403404300_01219.jpg,Steel,Defective,COPIED,Industrial_Metal_Surface_Dataset\Steel\Defective\img_03_3403404300_01219.jpg
Industrial_Metal_Surface_Dataset_COMPACT_FINAL\D\1\img_03_3403404800_00998.jpg,Steel,Defective,COPIED,Industrial_Metal_Surface_Dataset\Steel\Defective\img_03_3403404800_00998.jpg
Industrial_Metal_Surface_Dataset_COMPACT_FINAL\D\1\img_03_3403405900_00857.jpg,Steel,Defective,COPIED,Industrial_Metal_Surface_Dataset\Steel\Defective\img_03_3403405900_00857.jpg
Industrial_Metal_Surface_Dataset_COMPACT_FINAL\D\1\img_03_3403406000_00825.jpg,Steel,Defective,COPIED,Industrial_Metal_Surface_Dataset\Steel\Defective\img_03_3403406000_00825.jpg
Industrial_Metal_Surface_Dataset_COMPACT_FINAL\D\1\img_03_3437006900_00002.jpg,Steel,Defective,COPIED,Industrial_Metal_Surface_Dataset\Steel\Defective\img_03_3437006900_00002.jpg
Industrial_Metal_Surface_Dataset_COMPACT_FINAL\D\1\img_03_424712600_00016.jpg,Steel,Defective,COPIED,Industrial_Metal_Surface_Dataset\Steel\Defective\img_03_424712600_00016.jpg
Industrial_Metal_Surface_Dataset_COMPACT_FINAL\D\1\img_03_424714400_00001.jpg,Steel,Defective,COPIED,Industrial_Metal_Surface_Dataset\Steel\Defective\img_03_424714400_00001.jpg
Industrial_Metal_Surface_Dataset_COMPACT_FINAL\D\1\img_03_424714400_00306.jpg,Steel,Defective,COPIED,Industrial_Metal_Surface_Dataset\Steel\Defective\img_03_424714400_00306.jpg
Industrial_Metal_Surface_Dataset_COMPACT_FINAL\D\1\img_03_424798200_00001.jpg,Steel,Defective,COPIED,Industrial_Metal_Surface_Dataset\Steel\Defective\img_03_424798200_00001.jpg
Industrial_Metal_Surface_Dataset_COMPACT_FINAL\D\1\img_03_424798500_00466.jpg,Steel,Defective,COPIED,Industrial_Metal_Surface_Dataset\Steel\Defective\img_03_424798500_00466.jpg
Industrial_Metal_Surface_Dataset_COMPACT_FINAL\D\1\img_03_424798500_00467.jpg,Steel,Defective,COPIED,Industrial_Metal_Surface_Dataset\Steel\Defective\img_03_424798500_00467.jpg
Industrial_Metal_Surface_Dataset_COMPACT_FINAL\D\1\img_03_424799200_00260.jpg,Steel,Defective,COPIED,Industrial_Metal_Surface_Dataset\Steel\Defective\img_03_424799200_00260.jpg
Industrial_Metal_Surface_Dataset_COMPACT_FINAL\D\1\img_03_424799600_00324.jpg,Steel,Defective,COPIED,Industrial_Metal_Surface_Dataset\Steel\Defective\img_03_424799600_00324.jpg
Industrial_Metal_Surface_Dataset_COMPACT_FINAL\D\1\img_03_424799600_00800.jpg,Steel,Defective,COPIED,Industrial_Metal_Surface_Dataset\Steel\Defective\img_03_424799600_00800.jpg
Industrial_Metal_Surface_Dataset_COMPACT_FINAL\D\1\img_03_424825900_00211.jpg,Steel,Defective,COPIED,Industrial_Metal_Surface_Dataset\Steel\Defective\img_03_424825900_00211.jpg
Industrial_Metal_Surface_Dataset_COMPACT_FINAL\D\1\img_03_424825900_00909.jpg,Steel,Defective,COPIED,Industrial_Metal_Surface_Dataset\Steel\Defective\img_03_424825900_00909.jpg
Industrial_Metal_Surface_Dataset_COMPACT_FINAL\D\1\img_03_424826100_00528.jpg,Steel,Defective,COPIED,Industrial_Metal_Surface_Dataset\Steel\Defective\img_03_424826100_00528.jpg
Industrial_Metal_Surface_Dataset_COMPACT_FINAL\D\1\img_03_424826300_00949.jpg,Steel,Defective,COPIED,Industrial_Metal_Surface_Dataset\Steel\Defective\img_03_424826300_00949.jpg
Industrial_Metal_Surface_Dataset_COMPACT_FINAL\D\1\img_03_424826800_00073.jpg,Steel,Defective,COPIED,Industrial_Metal_Surface_Dataset\Steel\Defective\img_03_424826800_00073.jpg
Industrial_Metal_Surface_Dataset_COMPACT_FINAL\D\1\img_03_424826800_00254.jpg,Steel,Defective,COPIED,Industrial_Metal_Surface_Dataset\Steel\Defective\img_03_424826800_00254.jpg
Industrial_Metal_Surface_Dataset_COMPACT_FINAL\D\1\img_03_424826800_00361.jpg,Steel,Defective,COPIED,Industrial_Metal_Surface_Dataset\Steel\Defective\img_03_424826800_00361.jpg
Industrial_Metal_Surface_Dataset_COMPACT_FINAL\D\1\img_03_424992300_00001.jpg,Steel,Defective,COPIED,Industrial_Metal_Surface_Dataset\Steel\Defective\img_03_424992300_00001.jpg
Industrial_Metal_Surface_Dataset_COMPACT_FINAL\D\1\img_03_424992300_00206.jpg,Steel,Defective,COPIED,Industrial_Metal_Surface_Dataset\Steel\Defective\img_03_424992300_00206.jpg
Industrial_Metal_Surface_Dataset_COMPACT_FINAL\D\1\img_03_424992300_00216.jpg,Steel,Defective,COPIED,Industrial_Metal_Surface_Dataset\Steel\Defective\img_03_424992300_00216.jpg
Industrial_Metal_Surface_Dataset_COMPACT_FINAL\D\1\img_03_424992300_00223.jpg,Steel,Defective,COPIED,Industrial_Metal_Surface_Dataset\Steel\Defective\img_03_424992300_00223.jpg
Industrial_Metal_Surface_Dataset_COMPACT_FINAL\D\1\img_03_424992300_00228.jpg,Steel,Defective,COPIED,Industrial_Metal_Surface_Dataset\Steel\Defective\img_03_424992300_00228.jpg
Industrial_Metal_Surface_Dataset_COMPACT_FINAL\D\1\img_03_424992300_00428.jpg,Steel,Defective,COPIED,Industrial_Metal_Surface_Dataset\Steel\Defective\img_03_424992300_00428.jpg
Industrial_Metal_Surface_Dataset_COMPACT_FINAL\D\1\img_03_424992300_00514.jpg,Steel,Defective,COPIED,Industrial_Metal_Surface_Dataset\Steel\Defective\img_03_424992300_00514.jpg
Industrial_Metal_Surface_Dataset_COMPACT_FINAL\D\1\img_03_424992300_00520.jpg,Steel,Defective,COPIED,Industrial_Metal_Surface_Dataset\Steel\Defective\img_03_424992300_00520.jpg
Industrial_Metal_Surface_Dataset_COMPACT_FINAL\D\1\img_03_424992500_00003.jpg,Steel,Defective,COPIED,Industrial_Metal_Surface_Dataset\Steel\Defective\img_03_424992500_00003.jpg
Industrial_Metal_Surface_Dataset_COMPACT_FINAL\D\1\img_03_424992500_00103.jpg,Steel,Defective,COPIED,Industrial_Metal_Surface_Dataset\Steel\Defective\img_03_424992500_00103.jpg
Industrial_Metal_Surface_Dataset_COMPACT_FINAL\D\1\img_03_424992500_00228.jpg,Steel,Defective,COPIED,Industrial_Metal_Surface_Dataset\Steel\Defective\img_03_424992500_00228.jpg
Industrial_Metal_Surface_Dataset_COMPACT_FINAL\D\1\img_03_424992500_00388.jpg,Steel,Defective,COPIED,Industrial_Metal_Surface_Dataset\Steel\Defective\img_03_424992500_00388.jpg
Industrial_Metal_Surface_Dataset_COMPACT_FINAL\D\1\img_03_424992500_00437.jpg,Steel,Defective,COPIED,Industrial_Metal_Surface_Dataset\Steel\Defective\img_03_424992500_00437.jpg
Industrial_Metal_Surface_Dataset_COMPACT_FINAL\D\1\img_03_424992500_00482.jpg,Steel,Defective,COPIED,Industrial_Metal_Surface_Dataset\Steel\Defective\img_03_424992500_00482.jpg
Industrial_Metal_Surface_Dataset_COMPACT_FINAL\D\1\img_03_424992500_00514.jpg,Steel,Defective,COPIED,Industrial_Metal_Surface_Dataset\Steel\Defective\img_03_424992500_00514.jpg
Industrial_Metal_Surface_Dataset_COMPACT_FINAL\D\1\img_03_424992500_00525.jpg,Steel,Defective,COPIED,Industrial_Metal_Surface_Dataset\Steel\Defective\img_03_424992500_00525.jpg
Industrial_Metal_Surface_Dataset_COMPACT_FINAL\D\1\img_03_424992500_00609.jpg,Steel,Defective,COPIED,Industrial_Metal_Surface_Dataset\Steel\Defective\img_03_424992500_00609.jpg
Industrial_Metal_Surface_Dataset_COMPACT_FINAL\D\1\img_03_424992500_00674.jpg,Steel,Defective,COPIED,Industrial_Metal_Surface_Dataset\Steel\Defective\img_03_424992500_00674.jpg
Industrial_Metal_Surface_Dataset_COMPACT_FINAL\D\1\img_03_424992500_01025.jpg,Steel,Defective,COPIED,Industrial_Metal_Surface_Dataset\Steel\Defective\img_03_424992500_01025.jpg
Industrial_Metal_Surface_Dataset_COMPACT_FINAL\D\1\img_03_424992500_01040.jpg,Steel,Defective,COPIED,Industrial_Metal_Surface_Dataset\Steel\Defective\img_03_424992500_01040.jpg
Industrial_Metal_Surface_Dataset_COMPACT_FINAL\D\1\img_03_424992500_01054.jpg,Steel,Defective,COPIED,Industrial_Metal_Surface_Dataset\Steel\Defective\img_03_424992500_01054.jpg
Industrial_Metal_Surface_Dataset_COMPACT_FINAL\D\1\img_03_424992500_01056.jpg,Steel,Defective,COPIED,Industrial_Metal_Surface_Dataset\Steel\Defective\img_03_424992500_01056.jpg
Industrial_Metal_Surface_Dataset_COMPACT_FINAL\D\1\img_03_424992500_01064.jpg,Steel,Defective,COPIED,Industrial_Metal_Surface_Dataset\Steel\Defective\img_03_424992500_01064.jpg
Industrial_Metal_Surface_Dataset_COMPACT_FINAL\D\1\img_03_424992500_01073.jpg,Steel,Defective,COPIED,Industrial_Metal_Surface_Dataset\Steel\Defective\img_03_424992500_01073.jpg
Industrial_Metal_Surface_Dataset_COMPACT_FINAL\D\1\img_03_424992500_01102.jpg,Steel,Defective,COPIED,Industrial_Metal_Surface_Dataset\Steel\Defective\img_03_424992500_01102.jpg
Industrial_Metal_Surface_Dataset_COMPACT_FINAL\D\1\img_03_425234000_00057.jpg,Steel,Defective,COPIED,Industrial_Metal_Surface_Dataset\Steel\Defective\img_03_425234000_00057.jpg
Industrial_Metal_Surface_Dataset_COMPACT_FINAL\D\1\img_03_425364500_00001.jpg,Steel,Defective,COPIED,Industrial_Metal_Surface_Dataset\Steel\Defective\img_03_425364500_00001.jpg
Industrial_Metal_Surface_Dataset_COMPACT_FINAL\D\1\img_03_425501700_00018.jpg,Steel,Defective,COPIED,Industrial_Metal_Surface_Dataset\Steel\Defective\img_03_425501700_00018.jpg
Industrial_Metal_Surface_Dataset_COMPACT_FINAL\D\1\img_03_425501800_00018.jpg,Steel,Defective,COPIED,Industrial_Metal_Surface_Dataset\Steel\Defective\img_03_425501800_00018.jpg
Industrial_Metal_Surface_Dataset_COMPACT_FINAL\D\1\img_03_425501800_00019.jpg,Steel,Defective,COPIED,Industrial_Metal_Surface_Dataset\Steel\Defective\img_03_425501800_00019.jpg
Industrial_Metal_Surface_Dataset_COMPACT_FINAL\D\1\img_03_425501900_00017.jpg,Steel,Defective,COPIED,Industrial_Metal_Surface_Dataset\Steel\Defective\img_03_425501900_00017.jpg
Industrial_Metal_Surface_Dataset_COMPACT_FINAL\D\1\img_03_425502200_00017.jpg,Steel,Defective,COPIED,Industrial_Metal_Surface_Dataset\Steel\Defective\img_03_425502200_00017.jpg
Industrial_Metal_Surface_Dataset_COMPACT_FINAL\D\1\img_03_425502300_00018.jpg,Steel,Defective,COPIED,Industrial_Metal_Surface_Dataset\Steel\Defective\img_03_425502300_00018.jpg
Industrial_Metal_Surface_Dataset_COMPACT_FINAL\D\1\img_03_425502600_00017.jpg,Steel,Defective,COPIED,Industrial_Metal_Surface_Dataset\Steel\Defective\img_03_425502600_00017.jpg
Industrial_Metal_Surface_Dataset_COMPACT_FINAL\D\1\img_03_425502700_00017.jpg,Steel,Defective,COPIED,Industrial_Metal_Surface_Dataset\Steel\Defective\img_03_425502700_00017.jpg
Industrial_Metal_Surface_Dataset_COMPACT_FINAL\D\1\img_03_425502900_00017.jpg,Steel,Defective,COPIED,Industrial_Metal_Surface_Dataset\Steel\Defective\img_03_425502900_00017.jpg
Industrial_Metal_Surface_Dataset_COMPACT_FINAL\D\1\img_03_425503000_00017.jpg,Steel,Defective,COPIED,Industrial_Metal_Surface_Dataset\Steel\Defective\img_03_425503000_00017.jpg
Industrial_Metal_Surface_Dataset_COMPACT_FINAL\D\1\img_03_425503100_00017.jpg,Steel,Defective,COPIED,Industrial_Metal_Surface_Dataset\Steel\Defective\img_03_425503100_00017.jpg
Industrial_Metal_Surface_Dataset_COMPACT_FINAL\D\1\img_03_425503200_00018.jpg,Steel,Defective,COPIED,Industrial_Metal_Surface_Dataset\Steel\Defective\img_03_425503200_00018.jpg
Industrial_Metal_Surface_Dataset_COMPACT_FINAL\D\1\img_03_425503300_00017.jpg,Steel,Defective,COPIED,Industrial_Metal_Surface_Dataset\Steel\Defective\img_03_425503300_00017.jpg
Industrial_Metal_Surface_Dataset_COMPACT_FINAL\D\1\img_03_425503400_00017.jpg,Steel,Defective,COPIED,Industrial_Metal_Surface_Dataset\Steel\Defective\img_03_425503400_00017.jpg
Industrial_Metal_Surface_Dataset_COMPACT_FINAL\D\1\img_03_425503600_00016.jpg,Steel,Defective,COPIED,Industrial_Metal_Surface_Dataset\Steel\Defective\img_03_425503600_00016.jpg
Industrial_Metal_Surface_Dataset_COMPACT_FINAL\D\1\img_03_425503800_00017.jpg,Steel,Defective,COPIED,Industrial_Metal_Surface_Dataset\Steel\Defective\img_03_425503800_00017.jpg
Industrial_Metal_Surface_Dataset_COMPACT_FINAL\D\1\img_03_425504800_00018.jpg,Steel,Defective,COPIED,Industrial_Metal_Surface_Dataset\Steel\Defective\img_03_425504800_00018.jpg
Industrial_Metal_Surface_Dataset_COMPACT_FINAL\D\1\img_03_425505000_00018.jpg,Steel,Defective,COPIED,Industrial_Metal_Surface_Dataset\Steel\Defective\img_03_425505000_00018.jpg
Industrial_Metal_Surface_Dataset_COMPACT_FINAL\D\1\img_03_425505000_00110.jpg,Steel,Defective,COPIED,Industrial_Metal_Surface_Dataset\Steel\Defective\img_03_425505000_00110.jpg
Industrial_Metal_Surface_Dataset_COMPACT_FINAL\D\1\img_03_425505100_00017.jpg,Steel,Defective,COPIED,Industrial_Metal_Surface_Dataset\Steel\Defective\img_03_425505100_00017.jpg
Industrial_Metal_Surface_Dataset_COMPACT_FINAL\D\1\img_03_425505400_00075.jpg,Steel,Defective,COPIED,Industrial_Metal_Surface_Dataset\Steel\Defective\img_03_425505400_00075.jpg
Industrial_Metal_Surface_Dataset_COMPACT_FINAL\D\1\img_03_425505500_00018.jpg,Steel,Defective,COPIED,Industrial_Metal_Surface_Dataset\Steel\Defective\img_03_425505500_00018.jpg
Industrial_Metal_Surface_Dataset_COMPACT_FINAL\D\1\img_03_425505500_00298.jpg,Steel,Defective,COPIED,Industrial_Metal_Surface_Dataset\Steel\Defective\img_03_425505500_00298.jpg
Industrial_Metal_Surface_Dataset_COMPACT_FINAL\D\1\img_03_425505900_00018.jpg,Steel,Defective,COPIED,Industrial_Metal_Surface_Dataset\Steel\Defective\img_03_425505900_00018.jpg
Industrial_Metal_Surface_Dataset_COMPACT_FINAL\D\1\img_03_425506300_00018.jpg,Steel,Defective,COPIED,Industrial_Metal_Surface_Dataset\Steel\Defective\img_03_425506300_00018.jpg
Industrial_Metal_Surface_Dataset_COMPACT_FINAL\D\1\img_03_425506400_00018.jpg,Steel,Defective,COPIED,Industrial_Metal_Surface_Dataset\Steel\Defective\img_03_425506400_00018.jpg
Industrial_Metal_Surface_Dataset_COMPACT_FINAL\D\1\img_03_425507000_00018.jpg,Steel,Defective,COPIED,Industrial_Metal_Surface_Dataset\Steel\Defective\img_03_425507000_00018.jpg
Industrial_Metal_Surface_Dataset_COMPACT_FINAL\D\1\img_03_425507200_00018.jpg,Steel,Defective,COPIED,Industrial_Metal_Surface_Dataset\Steel\Defective\img_03_425507200_00018.jpg
Industrial_Metal_Surface_Dataset_COMPACT_FINAL\D\1\img_03_425507400_00018.jpg,Steel,Defective,COPIED,Industrial_Metal_Surface_Dataset\Steel\Defective\img_03_425507400_00018.jpg
Industrial_Metal_Surface_Dataset_COMPACT_FINAL\D\1\img_03_425508100_00017.jpg,Steel,Defective,COPIED,Industrial_Metal_Surface_Dataset\Steel\Defective\img_03_425508100_00017.jpg
Industrial_Metal_Surface_Dataset_COMPACT_FINAL\D\1\img_03_425508200_00018.jpg,Steel,Defective,COPIED,Industrial_Metal_Surface_Dataset\Steel\Defective\img_03_425508200_00018.jpg
Industrial_Metal_Surface_Dataset_COMPACT_FINAL\D\1\img_03_425609500_00001.jpg,Steel,Defective,COPIED,Industrial_Metal_Surface_Dataset\Steel\Defective\img_03_425609500_00001.jpg
Industrial_Metal_Surface_Dataset_COMPACT_FINAL\D\1\img_03_425609500_00746.jpg,Steel,Defective,COPIED,Industrial_Metal_Surface_Dataset\Steel\Defective\img_03_425609500_00746.jpg
Industrial_Metal_Surface_Dataset_COMPACT_FINAL\D\1\img_03_425613500_00001.jpg,Steel,Defective,COPIED,Industrial_Metal_Surface_Dataset\Steel\Defective\img_03_425613500_00001.jpg
Industrial_Metal_Surface_Dataset_COMPACT_FINAL\D\1\img_03_425613600_00582.jpg,Steel,Defective,COPIED,Industrial_Metal_Surface_Dataset\Steel\Defective\img_03_425613600_00582.jpg
Industrial_Metal_Surface_Dataset_COMPACT_FINAL\D\1\img_03_425613700_00782.jpg,Steel,Defective,COPIED,Industrial_Metal_Surface_Dataset\Steel\Defective\img_03_425613700_00782.jpg
Industrial_Metal_Surface_Dataset_COMPACT_FINAL\D\1\img_03_425613800_00786.jpg,Steel,Defective,COPIED,Industrial_Metal_Surface_Dataset\Steel\Defective\img_03_425613800_00786.jpg
Industrial_Metal_Surface_Dataset_COMPACT_FINAL\D\1\img_03_425614700_00001.jpg,Steel,Defective,COPIED,Industrial_Metal_Surface_Dataset\Steel\Defective\img_03_425614700_00001.jpg
Industrial_Metal_Surface_Dataset_COMPACT_FINAL\D\1\img_03_425614700_00712.jpg,Steel,Defective,COPIED,Industrial_Metal_Surface_Dataset\Steel\Defective\img_03_425614700_00712.jpg
Industrial_Metal_Surface_Dataset_COMPACT_FINAL\D\1\img_03_425616200_00001.jpg,Steel,Defective,COPIED,Industrial_Metal_Surface_Dataset\Steel\Defective\img_03_425616200_00001.jpg
Industrial_Metal_Surface_Dataset_COMPACT_FINAL\D\1\img_03_425616500_00769.jpg,Steel,Defective,COPIED,Industrial_Metal_Surface_Dataset\Steel\Defective\img_03_425616500_00769.jpg
Industrial_Metal_Surface_Dataset_COMPACT_FINAL\D\1\img_03_425622700_00002.jpg,Steel,Defective,COPIED,Industrial_Metal_Surface_Dataset\Steel\Defective\img_03_425622700_00002.jpg
Industrial_Metal_Surface_Dataset_COMPACT_FINAL\D\1\img_03_425637500_00653.jpg,Steel,Defective,COPIED,Industrial_Metal_Surface_Dataset\Steel\Defective\img_03_425637500_00653.jpg
Industrial_Metal_Surface_Dataset_COMPACT_FINAL\D\1\img_03_425637700_00842.jpg,Steel,Defective,COPIED,Industrial_Metal_Surface_Dataset\Steel\Defective\img_03_425637700_00842.jpg
Industrial_Metal_Surface_Dataset_COMPACT_FINAL\D\1\img_03_425637800_00890.jpg,Steel,Defective,COPIED,Industrial_Metal_Surface_Dataset\Steel\Defective\img_03_425637800_00890.jpg
Industrial_Metal_Surface_Dataset_COMPACT_FINAL\D\1\img_03_425638500_00001.jpg,Steel,Defective,COPIED,Industrial_Metal_Surface_Dataset\Steel\Defective\img_03_425638500_00001.jpg
Industrial_Metal_Surface_Dataset_COMPACT_FINAL\D\1\img_03_425638500_00716.jpg,Steel,Defective,COPIED,Industrial_Metal_Surface_Dataset\Steel\Defective\img_03_425638500_00716.jpg
Industrial_Metal_Surface_Dataset_COMPACT_FINAL\D\1\img_03_425639800_00874.jpg,Steel,Defective,COPIED,Industrial_Metal_Surface_Dataset\Steel\Defective\img_03_425639800_00874.jpg
Industrial_Metal_Surface_Dataset_COMPACT_FINAL\D\1\img_03_425639900_00615.jpg,Steel,Defective,COPIED,Industrial_Metal_Surface_Dataset\Steel\Defective\img_03_425639900_00615.jpg
Industrial_Metal_Surface_Dataset_COMPACT_FINAL\D\1\img_03_425640000_00634.jpg,Steel,Defective,COPIED,Industrial_Metal_Surface_Dataset\Steel\Defective\img_03_425640000_00634.jpg
Industrial_Metal_Surface_Dataset_COMPACT_FINAL\D\1\img_03_425640100_00875.jpg,Steel,Defective,COPIED,Industrial_Metal_Surface_Dataset\Steel\Defective\img_03_425640100_00875.jpg
Industrial_Metal_Surface_Dataset_COMPACT_FINAL\D\1\img_03_425644100_00594.jpg,Steel,Defective,COPIED,Industrial_Metal_Surface_Dataset\Steel\Defective\img_03_425644100_00594.jpg
Industrial_Metal_Surface_Dataset_COMPACT_FINAL\D\1\img_03_425644200_00680.jpg,Steel,Defective,COPIED,Industrial_Metal_Surface_Dataset\Steel\Defective\img_03_425644200_00680.jpg
Industrial_Metal_Surface_Dataset_COMPACT_FINAL\D\1\img_03_425644600_00001.jpg,Steel,Defective,COPIED,Industrial_Metal_Surface_Dataset\Steel\Defective\img_03_425644600_00001.jpg
Industrial_Metal_Surface_Dataset_COMPACT_FINAL\D\1\img_03_425644600_00003.jpg,Steel,Defective,COPIED,Industrial_Metal_Surface_Dataset\Steel\Defective\img_03_425644600_00003.jpg
Industrial_Metal_Surface_Dataset_COMPACT_FINAL\D\1\img_03_436068500_00002.jpg,Steel,Defective,COPIED,Industrial_Metal_Surface_Dataset\Steel\Defective\img_03_436068500_00002.jpg
Industrial_Metal_Surface_Dataset_COMPACT_FINAL\D\1\img_03_436153600_01213.jpg,Steel,Defective,COPIED,Industrial_Metal_Surface_Dataset\Steel\Defective\img_03_436153600_01213.jpg
Industrial_Metal_Surface_Dataset_COMPACT_FINAL\D\1\img_03_436156500_01005.jpg,Steel,Defective,COPIED,Industrial_Metal_Surface_Dataset\Steel\Defective\img_03_436156500_01005.jpg
Industrial_Metal_Surface_Dataset_COMPACT_FINAL\D\1\img_03_436164300_00327.jpg,Steel,Defective,COPIED,Industrial_Metal_Surface_Dataset\Steel\Defective\img_03_436164300_00327.jpg
Industrial_Metal_Surface_Dataset_COMPACT_FINAL\D\1\img_03_436164500_00818.jpg,Steel,Defective,COPIED,Industrial_Metal_Surface_Dataset\Steel\Defective\img_03_436164500_00818.jpg
Industrial_Metal_Surface_Dataset_COMPACT_FINAL\D\1\img_03_436164500_01130.jpg,Steel,Defective,COPIED,Industrial_Metal_Surface_Dataset\Steel\Defective\img_03_436164500_01130.jpg
Industrial_Metal_Surface_Dataset_COMPACT_FINAL\D\1\img_03_436164700_00257.jpg,Steel,Defective,COPIED,Industrial_Metal_Surface_Dataset\Steel\Defective\img_03_436164700_00257.jpg
Industrial_Metal_Surface_Dataset_COMPACT_FINAL\D\1\img_03_436185500_00212.jpg,Steel,Defective,COPIED,Industrial_Metal_Surface_Dataset\Steel\Defective\img_03_436185500_00212.jpg
Industrial_Metal_Surface_Dataset_COMPACT_FINAL\D\1\img_03_4402117400_00003.jpg,Steel,Defective,COPIED,Industrial_Metal_Surface_Dataset\Steel\Defective\img_03_4402117400_00003.jpg
Industrial_Metal_Surface_Dataset_COMPACT_FINAL\D\1\img_03_4402270500_00004.jpg,Steel,Defective,COPIED,Industrial_Metal_Surface_Dataset\Steel\Defective\img_03_4402270500_00004.jpg
Industrial_Metal_Surface_Dataset_COMPACT_FINAL\D\1\img_03_4402329000_00001.jpg,Steel,Defective,COPIED,Industrial_Metal_Surface_Dataset\Steel\Defective\img_03_4402329000_00001.jpg
Industrial_Metal_Surface_Dataset_COMPACT_FINAL\D\1\img_03_4402624500_00002.jpg,Steel,Defective,COPIED,Industrial_Metal_Surface_Dataset\Steel\Defective\img_03_4402624500_00002.jpg
Industrial_Metal_Surface_Dataset_COMPACT_FINAL\D\1\img_03_4402724500_01238.jpg,Steel,Defective,COPIED,Industrial_Metal_Surface_Dataset\Steel\Defective\img_03_4402724500_01238.jpg
Industrial_Metal_Surface_Dataset_COMPACT_FINAL\D\1\img_03_4402724500_01242.jpg,Steel,Defective,COPIED,Industrial_Metal_Surface_Dataset\Steel\Defective\img_03_4402724500_01242.jpg
Industrial_Metal_Surface_Dataset_COMPACT_FINAL\D\1\img_03_4402724500_01243.jpg,Steel,Defective,COPIED,Industrial_Metal_Surface_Dataset\Steel\Defective\img_03_4402724500_01243.jpg
Industrial_Metal_Surface_Dataset_COMPACT_FINAL\D\1\img_03_4402724500_01245.jpg,Steel,Defective,COPIED,Industrial_Metal_Surface_Dataset\Steel\Defective\img_03_4402724500_01245.jpg
Industrial_Metal_Surface_Dataset_COMPACT_FINAL\D\1\img_03_4402766900_00001.jpg,Steel,Defective,COPIED,Industrial_Metal_Surface_Dataset\Steel\Defective\img_03_4402766900_00001.jpg
Industrial_Metal_Surface_Dataset_COMPACT_FINAL\D\1\img_03_4403715000_00003.jpg,Steel,Defective,COPIED,Industrial_Metal_Surface_Dataset\Steel\Defective\img_03_4403715000_00003.jpg
Industrial_Metal_Surface_Dataset_COMPACT_FINAL\D\1\img_03_4403956700_00007.jpg,Steel,Defective,COPIED,Industrial_Metal_Surface_Dataset\Steel\Defective\img_03_4403956700_00007.jpg
Industrial_Metal_Surface_Dataset_COMPACT_FINAL\D\1\img_03_4405964400_00010.jpg,Steel,Defective,COPIED,Industrial_Metal_Surface_Dataset\Steel\Defective\img_03_4405964400_00010.jpg
Industrial_Metal_Surface_Dataset_COMPACT_FINAL\D\1\img_03_4405964900_00010.jpg,Steel,Defective,COPIED,Industrial_Metal_Surface_Dataset\Steel\Defective\img_03_4405964900_00010.jpg
Industrial_Metal_Surface_Dataset_COMPACT_FINAL\D\1\img_03_4406424600_00002.jpg,Steel,Defective,COPIED,Industrial_Metal_Surface_Dataset\Steel\Defective\img_03_4406424600_00002.jpg
Industrial_Metal_Surface_Dataset_COMPACT_FINAL\D\1\img_03_4406425000_00001.jpg,Steel,Defective,COPIED,Industrial_Metal_Surface_Dataset\Steel\Defective\img_03_4406425000_00001.jpg
Industrial_Metal_Surface_Dataset_COMPACT_FINAL\D\1\img_03_4406425200_00001.jpg,Steel,Defective,COPIED,Industrial_Metal_Surface_Dataset\Steel\Defective\img_03_4406425200_00001.jpg
Industrial_Metal_Surface_Dataset_COMPACT_FINAL\D\1\img_03_4406562900_00002.jpg,Steel,Defective,COPIED,Industrial_Metal_Surface_Dataset\Steel\Defective\img_03_4406562900_00002.jpg
Industrial_Metal_Surface_Dataset_COMPACT_FINAL\D\1\img_03_4406742300_00001.jpg,Steel,Defective,COPIED,Industrial_Metal_Surface_Dataset\Steel\Defective\img_03_4406742300_00001.jpg
Industrial_Metal_Surface_Dataset_COMPACT_FINAL\D\1\img_03_4406772100_00001.jpg,Steel,Defective,COPIED,Industrial_Metal_Surface_Dataset\Steel\Defective\img_03_4406772100_00001.jpg
Industrial_Metal_Surface_Dataset_COMPACT_FINAL\D\1\img_03_4406783500_00009.jpg,Steel,Defective,COPIED,Industrial_Metal_Surface_Dataset\Steel\Defective\img_03_4406783500_00009.jpg
Industrial_Metal_Surface_Dataset_COMPACT_FINAL\D\1\img_03_4406846600_00001.jpg,Steel,Defective,COPIED,Industrial_Metal_Surface_Dataset\Steel\Defective\img_03_4406846600_00001.jpg
Industrial_Metal_Surface_Dataset_COMPACT_FINAL\D\1\img_03_SIS001559_00006.jpg,Steel,Defective,COPIED,Industrial_Metal_Surface_Dataset\Steel\Defective\img_03_SIS001559_00006.jpg
Industrial_Metal_Surface_Dataset_COMPACT_FINAL\D\1\img_06_3402617500_00787.jpg,Steel,Defective,COPIED,Industrial_Metal_Surface_Dataset\Steel\Defective\img_06_3402617500_00787.jpg
Industrial_Metal_Surface_Dataset_COMPACT_FINAL\D\1\img_06_3403328800_01055.jpg,Steel,Defective,COPIED,Industrial_Metal_Surface_Dataset\Steel\Defective\img_06_3403328800_01055.jpg
Industrial_Metal_Surface_Dataset_COMPACT_FINAL\D\1\img_06_3403328900_01020.jpg,Steel,Defective,COPIED,Industrial_Metal_Surface_Dataset\Steel\Defective\img_06_3403328900_01020.jpg
Industrial_Metal_Surface_Dataset_COMPACT_FINAL\D\1\img_06_3403329100_01563.jpg,Steel,Defective,COPIED,Industrial_Metal_Surface_Dataset\Steel\Defective\img_06_3403329100_01563.jpg
Industrial_Metal_Surface_Dataset_COMPACT_FINAL\D\1\img_06_3403331800_01590.jpg,Steel,Defective,COPIED,Industrial_Metal_Surface_Dataset\Steel\Defective\img_06_3403331800_01590.jpg
Industrial_Metal_Surface_Dataset_COMPACT_FINAL\D\1\img_06_3403332000_00931.jpg,Steel,Defective,COPIED,Industrial_Metal_Surface_Dataset\Steel\Defective\img_06_3403332000_00931.jpg
Industrial_Metal_Surface_Dataset_COMPACT_FINAL\D\1\img_06_3403333000_00659.jpg,Steel,Defective,COPIED,Industrial_Metal_Surface_Dataset\Steel\Defective\img_06_3403333000_00659.jpg
Industrial_Metal_Surface_Dataset_COMPACT_FINAL\D\1\img_06_3403333200_00785.jpg,Steel,Defective,COPIED,Industrial_Metal_Surface_Dataset\Steel\Defective\img_06_3403333200_00785.jpg
Industrial_Metal_Surface_Dataset_COMPACT_FINAL\D\1\img_06_3403333400_00834.jpg,Steel,Defective,COPIED,Industrial_Metal_Surface_Dataset\Steel\Defective\img_06_3403333400_00834.jpg
Industrial_Metal_Surface_Dataset_COMPACT_FINAL\D\1\img_06_3403333800_00715.jpg,Steel,Defective,COPIED,Industrial_Metal_Surface_Dataset\Steel\Defective\img_06_3403333800_00715.jpg
Industrial_Metal_Surface_Dataset_COMPACT_FINAL\D\1\img_06_3403333900_00758.jpg,Steel,Defective,COPIED,Industrial_Metal_Surface_Dataset\Steel\Defective\img_06_3403333900_00758.jpg
Industrial_Metal_Surface_Dataset_COMPACT_FINAL\D\1\img_06_3403334000_00839.jpg,Steel,Defective,COPIED,Industrial_Metal_Surface_Dataset\Steel\Defective\img_06_3403334000_00839.jpg
Industrial_Metal_Surface_Dataset_COMPACT_FINAL\D\1\img_06_3403391400_01266.jpg,Steel,Defective,COPIED,Industrial_Metal_Surface_Dataset\Steel\Defective\img_06_3403391400_01266.jpg
Industrial_Metal_Surface_Dataset_COMPACT_FINAL\D\1\img_06_3403392000_01069.jpg,Steel,Defective,COPIED,Industrial_Metal_Surface_Dataset\Steel\Defective\img_06_3403392000_01069.jpg
Industrial_Metal_Surface_Dataset_COMPACT_FINAL\D\1\img_06_3403392100_00869.jpg,Steel,Defective,COPIED,Industrial_Metal_Surface_Dataset\Steel\Defective\img_06_3403392100_00869.jpg
Industrial_Metal_Surface_Dataset_COMPACT_FINAL\D\1\img_06_3403393200_01334.jpg,Steel,Defective,COPIED,Industrial_Metal_Surface_Dataset\Steel\Defective\img_06_3403393200_01334.jpg
Industrial_Metal_Surface_Dataset_COMPACT_FINAL\D\1\img_06_3403393800_01155.jpg,Steel,Defective,COPIED,Industrial_Metal_Surface_Dataset\Steel\Defective\img_06_3403393800_01155.jpg
Industrial_Metal_Surface_Dataset_COMPACT_FINAL\D\1\img_06_3403394100_01318.jpg,Steel,Defective,COPIED,Industrial_Metal_Surface_Dataset\Steel\Defective\img_06_3403394100_01318.jpg
Industrial_Metal_Surface_Dataset_COMPACT_FINAL\D\1\img_06_3403395200_01004.jpg,Steel,Defective,COPIED,Industrial_Metal_Surface_Dataset\Steel\Defective\img_06_3403395200_01004.jpg
Industrial_Metal_Surface_Dataset_COMPACT_FINAL\D\1\img_06_3403395500_01126.jpg,Steel,Defective,COPIED,Industrial_Metal_Surface_Dataset\Steel\Defective\img_06_3403395500_01126.jpg
Industrial_Metal_Surface_Dataset_COMPACT_FINAL\D\1\img_06_3403397400_00907.jpg,Steel,Defective,COPIED,Industrial_Metal_Surface_Dataset\Steel\Defective\img_06_3403397400_00907.jpg
Industrial_Metal_Surface_Dataset_COMPACT_FINAL\D\1\img_06_3403397600_01060.jpg,Steel,Defective,COPIED,Industrial_Metal_Surface_Dataset\Steel\Defective\img_06_3403397600_01060.jpg
Industrial_Metal_Surface_Dataset_COMPACT_FINAL\D\1\img_06_3403398200_01043.jpg,Steel,Defective,COPIED,Industrial_Metal_Surface_Dataset\Steel\Defective\img_06_3403398200_01043.jpg
Industrial_Metal_Surface_Dataset_COMPACT_FINAL\D\1\img_06_3403398500_01173.jpg,Steel,Defective,COPIED,Industrial_Metal_Surface_Dataset\Steel\Defective\img_06_3403398500_01173.jpg
Industrial_Metal_Surface_Dataset_COMPACT_FINAL\D\1\img_06_3403399100_01155.jpg,Steel,Defective,COPIED,Industrial_Metal_Surface_Dataset\Steel\Defective\img_06_3403399100_01155.jpg
Industrial_Metal_Surface_Dataset_COMPACT_FINAL\D\1\img_06_3403399400_01044.jpg,Steel,Defective,COPIED,Industrial_Metal_Surface_Dataset\Steel\Defective\img_06_3403399400_01044.jpg
Industrial_Metal_Surface_Dataset_COMPACT_FINAL\D\1\img_06_3403399500_00887.jpg,Steel,Defective,COPIED,Industrial_Metal_Surface_Dataset\Steel\Defective\img_06_3403399500_00887.jpg
Industrial_Metal_Surface_Dataset_COMPACT_FINAL\D\1\img_06_3403399600_00739.jpg,Steel,Defective,COPIED,Industrial_Metal_Surface_Dataset\Steel\Defective\img_06_3403399600_00739.jpg
Industrial_Metal_Surface_Dataset_COMPACT_FINAL\D\1\img_06_3403399700_00746.jpg,Steel,Defective,COPIED,Industrial_Metal_Surface_Dataset\Steel\Defective\img_06_3403399700_00746.jpg
Industrial_Metal_Surface_Dataset_COMPACT_FINAL\D\1\img_06_3403399900_01007.jpg,Steel,Defective,COPIED,Industrial_Metal_Surface_Dataset\Steel\Defective\img_06_3403399900_01007.jpg
Industrial_Metal_Surface_Dataset_COMPACT_FINAL\D\1\img_06_3403400500_00339.jpg,Steel,Defective,COPIED,Industrial_Metal_Surface_Dataset\Steel\Defective\img_06_3403400500_00339.jpg
Industrial_Metal_Surface_Dataset_COMPACT_FINAL\D\1\img_06_3403400800_00948.jpg,Steel,Defective,COPIED,Industrial_Metal_Surface_Dataset\Steel\Defective\img_06_3403400800_00948.jpg
Industrial_Metal_Surface_Dataset_COMPACT_FINAL\D\1\img_06_3403401000_00864.jpg,Steel,Defective,COPIED,Industrial_Metal_Surface_Dataset\Steel\Defective\img_06_3403401000_00864.jpg
Industrial_Metal_Surface_Dataset_COMPACT_FINAL\D\1\img_06_3403402100_00857.jpg,Steel,Defective,COPIED,Industrial_Metal_Surface_Dataset\Steel\Defective\img_06_3403402100_00857.jpg
Industrial_Metal_Surface_Dataset_COMPACT_FINAL\D\1\img_06_3403403400_00768.jpg,Steel,Defective,COPIED,Industrial_Metal_Surface_Dataset\Steel\Defective\img_06_3403403400_00768.jpg
Industrial_Metal_Surface_Dataset_COMPACT_FINAL\D\1\img_06_3403403700_00805.jpg,Steel,Defective,COPIED,Industrial_Metal_Surface_Dataset\Steel\Defective\img_06_3403403700_00805.jpg
Industrial_Metal_Surface_Dataset_COMPACT_FINAL\D\1\img_06_3403403800_00910.jpg,Steel,Defective,COPIED,Industrial_Metal_Surface_Dataset\Steel\Defective\img_06_3403403800_00910.jpg
Industrial_Metal_Surface_Dataset_COMPACT_FINAL\D\1\img_06_3403404000_00927.jpg,Steel,Defective,COPIED,Industrial_Metal_Surface_Dataset\Steel\Defective\img_06_3403404000_00927.jpg
Industrial_Metal_Surface_Dataset_COMPACT_FINAL\D\1\img_06_3403405000_00719.jpg,Steel,Defective,COPIED,Industrial_Metal_Surface_Dataset\Steel\Defective\img_06_3403405000_00719.jpg
Industrial_Metal_Surface_Dataset_COMPACT_FINAL\D\1\img_06_3403405800_00821.jpg,Steel,Defective,COPIED,Industrial_Metal_Surface_Dataset\Steel\Defective\img_06_3403405800_00821.jpg
Industrial_Metal_Surface_Dataset_COMPACT_FINAL\D\1\img_06_3403405900_00856.jpg,Steel,Defective,COPIED,Industrial_Metal_Surface_Dataset\Steel\Defective\img_06_3403405900_00856.jpg
Industrial_Metal_Surface_Dataset_COMPACT_FINAL\D\1\img_06_3436642500_00002.jpg,Steel,Defective,COPIED,Industrial_Metal_Surface_Dataset\Steel\Defective\img_06_3436642500_00002.jpg
Industrial_Metal_Surface_Dataset_COMPACT_FINAL\D\1\img_06_3436786500_00578.jpg,Steel,Defective,COPIED,Industrial_Metal_Surface_Dataset\Steel\Defective\img_06_3436786500_00578.jpg
Industrial_Metal_Surface_Dataset_COMPACT_FINAL\D\1\img_06_3436814000_00679.jpg,Steel,Defective,COPIED,Industrial_Metal_Surface_Dataset\Steel\Defective\img_06_3436814000_00679.jpg
Industrial_Metal_Surface_Dataset_COMPACT_FINAL\D\1\img_06_3436814000_00681.jpg,Steel,Defective,COPIED,Industrial_Metal_Surface_Dataset\Steel\Defective\img_06_3436814000_00681.jpg
Industrial_Metal_Surface_Dataset_COMPACT_FINAL\D\1\img_06_3436814000_00683.jpg,Steel,Defective,COPIED,Industrial_Metal_Surface_Dataset\Steel\Defective\img_06_3436814000_00683.jpg
Industrial_Metal_Surface_Dataset_COMPACT_FINAL\D\1\img_06_3436814000_00686.jpg,Steel,Defective,COPIED,Industrial_Metal_Surface_Dataset\Steel\Defective\img_06_3436814000_00686.jpg
Industrial_Metal_Surface_Dataset_COMPACT_FINAL\D\1\img_06_3436814000_00687.jpg,Steel,Defective,COPIED,Industrial_Metal_Surface_Dataset\Steel\Defective\img_06_3436814000_00687.jpg
Industrial_Metal_Surface_Dataset_COMPACT_FINAL\D\1\img_06_3436814000_00688.jpg,Steel,Defective,COPIED,Industrial_Metal_Surface_Dataset\Steel\Defective\img_06_3436814000_00688.jpg
Industrial_Metal_Surface_Dataset_COMPACT_FINAL\D\1\img_06_3436814000_00691.jpg,Steel,Defective,COPIED,Industrial_Metal_Surface_Dataset\Steel\Defective\img_06_3436814000_00691.jpg
Industrial_Metal_Surface_Dataset_COMPACT_FINAL\D\1\img_06_3436814000_00693.jpg,Steel,Defective,COPIED,Industrial_Metal_Surface_Dataset\Steel\Defective\img_06_3436814000_00693.jpg
Industrial_Metal_Surface_Dataset_COMPACT_FINAL\D\1\img_06_3436814600_00007.jpg,Steel,Defective,COPIED,Industrial_Metal_Surface_Dataset\Steel\Defective\img_06_3436814600_00007.jpg
Industrial_Metal_Surface_Dataset_COMPACT_FINAL\D\1\img_06_3437011100_01183.jpg,Steel,Defective,COPIED,Industrial_Metal_Surface_Dataset\Steel\Defective\img_06_3437011100_01183.jpg
Industrial_Metal_Surface_Dataset_COMPACT_FINAL\D\1\img_06_424798500_01234.jpg,Steel,Defective,COPIED,Industrial_Metal_Surface_Dataset\Steel\Defective\img_06_424798500_01234.jpg
Industrial_Metal_Surface_Dataset_COMPACT_FINAL\D\1\img_06_424799300_01133.jpg,Steel,Defective,COPIED,Industrial_Metal_Surface_Dataset\Steel\Defective\img_06_424799300_01133.jpg
Industrial_Metal_Surface_Dataset_COMPACT_FINAL\D\1\img_06_424799400_01079.jpg,Steel,Defective,COPIED,Industrial_Metal_Surface_Dataset\Steel\Defective\img_06_424799400_01079.jpg
Industrial_Metal_Surface_Dataset_COMPACT_FINAL\D\1\img_06_424799500_00921.jpg,Steel,Defective,COPIED,Industrial_Metal_Surface_Dataset\Steel\Defective\img_06_424799500_00921.jpg
Industrial_Metal_Surface_Dataset_COMPACT_FINAL\D\1\img_06_425003700_00968.jpg,Steel,Defective,COPIED,Industrial_Metal_Surface_Dataset\Steel\Defective\img_06_425003700_00968.jpg
Industrial_Metal_Surface_Dataset_COMPACT_FINAL\D\1\img_06_425501100_00051.jpg,Steel,Defective,COPIED,Industrial_Metal_Surface_Dataset\Steel\Defective\img_06_425501100_00051.jpg
Industrial_Metal_Surface_Dataset_COMPACT_FINAL\D\1\img_06_425501700_00053.jpg,Steel,Defective,COPIED,Industrial_Metal_Surface_Dataset\Steel\Defective\img_06_425501700_00053.jpg
Industrial_Metal_Surface_Dataset_COMPACT_FINAL\D\1\img_06_425501800_00053.jpg,Steel,Defective,COPIED,Industrial_Metal_Surface_Dataset\Steel\Defective\img_06_425501800_00053.jpg
Industrial_Metal_Surface_Dataset_COMPACT_FINAL\D\1\img_06_425501900_00054.jpg,Steel,Defective,COPIED,Industrial_Metal_Surface_Dataset\Steel\Defective\img_06_425501900_00054.jpg
Industrial_Metal_Surface_Dataset_COMPACT_FINAL\D\1\img_06_425502100_00053.jpg,Steel,Defective,COPIED,Industrial_Metal_Surface_Dataset\Steel\Defective\img_06_425502100_00053.jpg
Industrial_Metal_Surface_Dataset_COMPACT_FINAL\D\1\img_06_425502300_00053.jpg,Steel,Defective,COPIED,Industrial_Metal_Surface_Dataset\Steel\Defective\img_06_425502300_00053.jpg
Industrial_Metal_Surface_Dataset_COMPACT_FINAL\D\1\img_06_425502600_00052.jpg,Steel,Defective,COPIED,Industrial_Metal_Surface_Dataset\Steel\Defective\img_06_425502600_00052.jpg
Industrial_Metal_Surface_Dataset_COMPACT_FINAL\D\1\img_06_425502700_00052.jpg,Steel,Defective,COPIED,Industrial_Metal_Surface_Dataset\Steel\Defective\img_06_425502700_00052.jpg
Industrial_Metal_Surface_Dataset_COMPACT_FINAL\D\1\img_06_425502900_00052.jpg,Steel,Defective,COPIED,Industrial_Metal_Surface_Dataset\Steel\Defective\img_06_425502900_00052.jpg
Industrial_Metal_Surface_Dataset_COMPACT_FINAL\D\1\img_06_425503300_00053.jpg,Steel,Defective,COPIED,Industrial_Metal_Surface_Dataset\Steel\Defective\img_06_425503300_00053.jpg
Industrial_Metal_Surface_Dataset_COMPACT_FINAL\D\1\img_06_425503400_00052.jpg,Steel,Defective,COPIED,Industrial_Metal_Surface_Dataset\Steel\Defective\img_06_425503400_00052.jpg
Industrial_Metal_Surface_Dataset_COMPACT_FINAL\D\1\img_06_425503500_00053.jpg,Steel,Defective,COPIED,Industrial_Metal_Surface_Dataset\Steel\Defective\img_06_425503500_00053.jpg
Industrial_Metal_Surface_Dataset_COMPACT_FINAL\D\1\img_06_425503600_00053.jpg,Steel,Defective,COPIED,Industrial_Metal_Surface_Dataset\Steel\Defective\img_06_425503600_00053.jpg
Industrial_Metal_Surface_Dataset_COMPACT_FINAL\D\1\img_06_425503800_00052.jpg,Steel,Defective,COPIED,Industrial_Metal_Surface_Dataset\Steel\Defective\img_06_425503800_00052.jpg
Industrial_Metal_Surface_Dataset_COMPACT_FINAL\D\1\img_06_425504800_00053.jpg,Steel,Defective,COPIED,Industrial_Metal_Surface_Dataset\Steel\Defective\img_06_425504800_00053.jpg
Industrial_Metal_Surface_Dataset_COMPACT_FINAL\D\1\img_06_425504900_00051.jpg,Steel,Defective,COPIED,Industrial_Metal_Surface_Dataset\Steel\Defective\img_06_425504900_00051.jpg
Industrial_Metal_Surface_Dataset_COMPACT_FINAL\D\1\img_06_425505000_00050.jpg,Steel,Defective,COPIED,Industrial_Metal_Surface_Dataset\Steel\Defective\img_06_425505000_00050.jpg
Industrial_Metal_Surface_Dataset_COMPACT_FINAL\D\1\img_06_425505100_00052.jpg,Steel,Defective,COPIED,Industrial_Metal_Surface_Dataset\Steel\Defective\img_06_425505100_00052.jpg
Industrial_Metal_Surface_Dataset_COMPACT_FINAL\D\1\img_06_425505400_00052.jpg,Steel,Defective,COPIED,Industrial_Metal_Surface_Dataset\Steel\Defective\img_06_425505400_00052.jpg
Industrial_Metal_Surface_Dataset_COMPACT_FINAL\D\1\img_06_425505500_00051.jpg,Steel,Defective,COPIED,Industrial_Metal_Surface_Dataset\Steel\Defective\img_06_425505500_00051.jpg
Industrial_Metal_Surface_Dataset_COMPACT_FINAL\D\1\img_06_425505500_00052.jpg,Steel,Defective,COPIED,Industrial_Metal_Surface_Dataset\Steel\Defective\img_06_425505500_00052.jpg
Industrial_Metal_Surface_Dataset_COMPACT_FINAL\D\1\img_06_425505700_00053.jpg,Steel,Defective,COPIED,Industrial_Metal_Surface_Dataset\Steel\Defective\img_06_425505700_00053.jpg
Industrial_Metal_Surface_Dataset_COMPACT_FINAL\D\1\img_06_425505900_00054.jpg,Steel,Defective,COPIED,Industrial_Metal_Surface_Dataset\Steel\Defective\img_06_425505900_00054.jpg
Industrial_Metal_Surface_Dataset_COMPACT_FINAL\D\1\img_06_425506100_00051.jpg,Steel,Defective,COPIED,Industrial_Metal_Surface_Dataset\Steel\Defective\img_06_425506100_00051.jpg
Industrial_Metal_Surface_Dataset_COMPACT_FINAL\D\1\img_06_425506300_00054.jpg,Steel,Defective,COPIED,Industrial_Metal_Surface_Dataset\Steel\Defective\img_06_425506300_00054.jpg
Industrial_Metal_Surface_Dataset_COMPACT_FINAL\D\1\img_06_425506400_00054.jpg,Steel,Defective,COPIED,Industrial_Metal_Surface_Dataset\Steel\Defective\img_06_425506400_00054.jpg
Industrial_Metal_Surface_Dataset_COMPACT_FINAL\D\1\img_06_425506600_00054.jpg,Steel,Defective,COPIED,Industrial_Metal_Surface_Dataset\Steel\Defective\img_06_425506600_00054.jpg
Industrial_Metal_Surface_Dataset_COMPACT_FINAL\D\1\img_06_425506800_00054.jpg,Steel,Defective,COPIED,Industrial_Metal_Surface_Dataset\Steel\Defective\img_06_425506800_00054.jpg
Industrial_Metal_Surface_Dataset_COMPACT_FINAL\D\1\img_06_425507000_00054.jpg,Steel,Defective,COPIED,Industrial_Metal_Surface_Dataset\Steel\Defective\img_06_425507000_00054.jpg
Industrial_Metal_Surface_Dataset_COMPACT_FINAL\D\1\img_06_425507200_00054.jpg,Steel,Defective,COPIED,Industrial_Metal_Surface_Dataset\Steel\Defective\img_06_425507200_00054.jpg
Industrial_Metal_Surface_Dataset_COMPACT_FINAL\D\1\img_06_425507400_00053.jpg,Steel,Defective,COPIED,Industrial_Metal_Surface_Dataset\Steel\Defective\img_06_425507400_00053.jpg
Industrial_Metal_Surface_Dataset_COMPACT_FINAL\D\1\img_06_425507600_00053.jpg,Steel,Defective,COPIED,Industrial_Metal_Surface_Dataset\Steel\Defective\img_06_425507600_00053.jpg
Industrial_Metal_Surface_Dataset_COMPACT_FINAL\D\1\img_06_425508100_00054.jpg,Steel,Defective,COPIED,Industrial_Metal_Surface_Dataset\Steel\Defective\img_06_425508100_00054.jpg
Industrial_Metal_Surface_Dataset_COMPACT_FINAL\D\1\img_06_425508200_00053.jpg,Steel,Defective,COPIED,Industrial_Metal_Surface_Dataset\Steel\Defective\img_06_425508200_00053.jpg
Industrial_Metal_Surface_Dataset_COMPACT_FINAL\D\1\img_06_425508300_00054.jpg,Steel,Defective,COPIED,Industrial_Metal_Surface_Dataset\Steel\Defective\img_06_425508300_00054.jpg
Industrial_Metal_Surface_Dataset_COMPACT_FINAL\D\1\img_06_425508700_00053.jpg,Steel,Defective,COPIED,Industrial_Metal_Surface_Dataset\Steel\Defective\img_06_425508700_00053.jpg
Industrial_Metal_Surface_Dataset_COMPACT_FINAL\D\1\img_06_425608200_00007.jpg,Steel,Defective,COPIED,Industrial_Metal_Surface_Dataset\Steel\Defective\img_06_425608200_00007.jpg
Industrial_Metal_Surface_Dataset_COMPACT_FINAL\D\1\img_06_427199900_00007.jpg,Steel,Defective,COPIED,Industrial_Metal_Surface_Dataset\Steel\Defective\img_06_427199900_00007.jpg
Industrial_Metal_Surface_Dataset_COMPACT_FINAL\D\1\img_06_427199900_01016.jpg,Steel,Defective,COPIED,Industrial_Metal_Surface_Dataset\Steel\Defective\img_06_427199900_01016.jpg
Industrial_Metal_Surface_Dataset_COMPACT_FINAL\D\1\img_06_427199900_01134.jpg,Steel,Defective,COPIED,Industrial_Metal_Surface_Dataset\Steel\Defective\img_06_427199900_01134.jpg
Industrial_Metal_Surface_Dataset_COMPACT_FINAL\D\1\img_06_430103100_01149.jpg,Steel,Defective,COPIED,Industrial_Metal_Surface_Dataset\Steel\Defective\img_06_430103100_01149.jpg
Industrial_Metal_Surface_Dataset_COMPACT_FINAL\D\1\img_06_430103100_01150.jpg,Steel,Defective,COPIED,Industrial_Metal_Surface_Dataset\Steel\Defective\img_06_430103100_01150.jpg
Industrial_Metal_Surface_Dataset_COMPACT_FINAL\D\1\img_06_4402719100_00020.jpg,Steel,Defective,COPIED,Industrial_Metal_Surface_Dataset\Steel\Defective\img_06_4402719100_00020.jpg
Industrial_Metal_Surface_Dataset_COMPACT_FINAL\D\1\img_06_4402719200_00017.jpg,Steel,Defective,COPIED,Industrial_Metal_Surface_Dataset\Steel\Defective\img_06_4402719200_00017.jpg
Industrial_Metal_Surface_Dataset_COMPACT_FINAL\D\1\img_06_4402830700_01162.jpg,Steel,Defective,COPIED,Industrial_Metal_Surface_Dataset\Steel\Defective\img_06_4402830700_01162.jpg
Industrial_Metal_Surface_Dataset_COMPACT_FINAL\D\1\img_06_4404374100_01306.jpg,Steel,Defective,COPIED,Industrial_Metal_Surface_Dataset\Steel\Defective\img_06_4404374100_01306.jpg
Industrial_Metal_Surface_Dataset_COMPACT_FINAL\D\1\img_06_4404374100_01337.jpg,Steel,Defective,COPIED,Industrial_Metal_Surface_Dataset\Steel\Defective\img_06_4404374100_01337.jpg
Industrial_Metal_Surface_Dataset_COMPACT_FINAL\D\1\img_06_4404374100_01350.jpg,Steel,Defective,COPIED,Industrial_Metal_Surface_Dataset\Steel\Defective\img_06_4404374100_01350.jpg
Industrial_Metal_Surface_Dataset_COMPACT_FINAL\D\1\img_06_4404580000_00741.jpg,Steel,Defective,COPIED,Industrial_Metal_Surface_Dataset\Steel\Defective\img_06_4404580000_00741.jpg
Industrial_Metal_Surface_Dataset_COMPACT_FINAL\D\1\img_06_4405133600_00034.jpg,Steel,Defective,COPIED,Industrial_Metal_Surface_Dataset\Steel\Defective\img_06_4405133600_00034.jpg
Industrial_Metal_Surface_Dataset_COMPACT_FINAL\D\1\img_06_4405133600_00035.jpg,Steel,Defective,COPIED,Industrial_Metal_Surface_Dataset\Steel\Defective\img_06_4405133600_00035.jpg
Industrial_Metal_Surface_Dataset_COMPACT_FINAL\D\1\img_06_4405133600_00921.jpg,Steel,Defective,COPIED,Industrial_Metal_Surface_Dataset\Steel\Defective\img_06_4405133600_00921.jpg
Industrial_Metal_Surface_Dataset_COMPACT_FINAL\D\1\img_06_4405377100_00032.jpg,Steel,Defective,COPIED,Industrial_Metal_Surface_Dataset\Steel\Defective\img_06_4405377100_00032.jpg
Industrial_Metal_Surface_Dataset_COMPACT_FINAL\D\1\img_06_4406424300_00002.jpg,Steel,Defective,COPIED,Industrial_Metal_Surface_Dataset\Steel\Defective\img_06_4406424300_00002.jpg
Industrial_Metal_Surface_Dataset_COMPACT_FINAL\D\1\img_06_4406424500_00002.jpg,Steel,Defective,COPIED,Industrial_Metal_Surface_Dataset\Steel\Defective\img_06_4406424500_00002.jpg
Industrial_Metal_Surface_Dataset_COMPACT_FINAL\D\1\img_06_4406424700_00001.jpg,Steel,Defective,COPIED,Industrial_Metal_Surface_Dataset\Steel\Defective\img_06_4406424700_00001.jpg
Industrial_Metal_Surface_Dataset_COMPACT_FINAL\D\1\img_06_4406772100_00002.jpg,Steel,Defective,COPIED,Industrial_Metal_Surface_Dataset\Steel\Defective\img_06_4406772100_00002.jpg
Industrial_Metal_Surface_Dataset_COMPACT_FINAL\D\1\img_07_3402616100_00001.jpg,Steel,Defective,COPIED,Industrial_Metal_Surface_Dataset\Steel\Defective\img_07_3402616100_00001.jpg
Industrial_Metal_Surface_Dataset_COMPACT_FINAL\D\1\img_07_3402617400_01102.jpg,Steel,Defective,COPIED,Industrial_Metal_Surface_Dataset\Steel\Defective\img_07_3402617400_01102.jpg
Industrial_Metal_Surface_Dataset_COMPACT_FINAL\D\1\img_07_3403334300_00854.jpg,Steel,Defective,COPIED,Industrial_Metal_Surface_Dataset\Steel\Defective\img_07_3403334300_00854.jpg
Industrial_Metal_Surface_Dataset_COMPACT_FINAL\D\1\img_07_3403334600_00682.jpg,Steel,Defective,COPIED,Industrial_Metal_Surface_Dataset\Steel\Defective\img_07_3403334600_00682.jpg
Industrial_Metal_Surface_Dataset_COMPACT_FINAL\D\1\img_07_3403334800_00898.jpg,Steel,Defective,COPIED,Industrial_Metal_Surface_Dataset\Steel\Defective\img_07_3403334800_00898.jpg
Industrial_Metal_Surface_Dataset_COMPACT_FINAL\D\1\img_07_3403334900_00596.jpg,Steel,Defective,COPIED,Industrial_Metal_Surface_Dataset\Steel\Defective\img_07_3403334900_00596.jpg
Industrial_Metal_Surface_Dataset_COMPACT_FINAL\D\1\img_07_3403335000_01066.jpg,Steel,Defective,COPIED,Industrial_Metal_Surface_Dataset\Steel\Defective\img_07_3403335000_01066.jpg
Industrial_Metal_Surface_Dataset_COMPACT_FINAL\D\1\img_07_3403335200_00806.jpg,Steel,Defective,COPIED,Industrial_Metal_Surface_Dataset\Steel\Defective\img_07_3403335200_00806.jpg
Industrial_Metal_Surface_Dataset_COMPACT_FINAL\D\1\img_07_3403335500_00710.jpg,Steel,Defective,COPIED,Industrial_Metal_Surface_Dataset\Steel\Defective\img_07_3403335500_00710.jpg
Industrial_Metal_Surface_Dataset_COMPACT_FINAL\D\1\img_07_3403335600_00795.jpg,Steel,Defective,COPIED,Industrial_Metal_Surface_Dataset\Steel\Defective\img_07_3403335600_00795.jpg
Industrial_Metal_Surface_Dataset_COMPACT_FINAL\D\1\img_07_3436785900_00004.jpg,Steel,Defective,COPIED,Industrial_Metal_Surface_Dataset\Steel\Defective\img_07_3436785900_00004.jpg
Industrial_Metal_Surface_Dataset_COMPACT_FINAL\D\1\img_07_3436786500_00002.jpg,Steel,Defective,COPIED,Industrial_Metal_Surface_Dataset\Steel\Defective\img_07_3436786500_00002.jpg
Industrial_Metal_Surface_Dataset_COMPACT_FINAL\D\1\img_07_3436814000_00005.jpg,Steel,Defective,COPIED,Industrial_Metal_Surface_Dataset\Steel\Defective\img_07_3436814000_00005.jpg
Industrial_Metal_Surface_Dataset_COMPACT_FINAL\D\1\img_07_3436814000_00006.jpg,Steel,Defective,COPIED,Industrial_Metal_Surface_Dataset\Steel\Defective\img_07_3436814000_00006.jpg
Industrial_Metal_Surface_Dataset_COMPACT_FINAL\D\1\img_07_3436814000_00007.jpg,Steel,Defective,COPIED,Industrial_Metal_Surface_Dataset\Steel\Defective\img_07_3436814000_00007.jpg
Industrial_Metal_Surface_Dataset_COMPACT_FINAL\D\1\img_07_3436814000_00009.jpg,Steel,Defective,COPIED,Industrial_Metal_Surface_Dataset\Steel\Defective\img_07_3436814000_00009.jpg
Industrial_Metal_Surface_Dataset_COMPACT_FINAL\D\1\img_07_3436814000_00010.jpg,Steel,Defective,COPIED,Industrial_Metal_Surface_Dataset\Steel\Defective\img_07_3436814000_00010.jpg
Industrial_Metal_Surface_Dataset_COMPACT_FINAL\D\1\img_07_3436814000_00011.jpg,Steel,Defective,COPIED,Industrial_Metal_Surface_Dataset\Steel\Defective\img_07_3436814000_00011.jpg
Industrial_Metal_Surface_Dataset_COMPACT_FINAL\D\1\img_07_3436814000_00016.jpg,Steel,Defective,COPIED,Industrial_Metal_Surface_Dataset\Steel\Defective\img_07_3436814000_00016.jpg
Industrial_Metal_Surface_Dataset_COMPACT_FINAL\D\1\img_07_3436814000_00020.jpg,Steel,Defective,COPIED,Industrial_Metal_Surface_Dataset\Steel\Defective\img_07_3436814000_00020.jpg
Industrial_Metal_Surface_Dataset_COMPACT_FINAL\D\1\img_07_3436814000_00676.jpg,Steel,Defective,COPIED,Industrial_Metal_Surface_Dataset\Steel\Defective\img_07_3436814000_00676.jpg
Industrial_Metal_Surface_Dataset_COMPACT_FINAL\D\1\img_07_3436814000_00679.jpg,Steel,Defective,COPIED,Industrial_Metal_Surface_Dataset\Steel\Defective\img_07_3436814000_00679.jpg
Industrial_Metal_Surface_Dataset_COMPACT_FINAL\D\1\img_07_3436814000_00680.jpg,Steel,Defective,COPIED,Industrial_Metal_Surface_Dataset\Steel\Defective\img_07_3436814000_00680.jpg
Industrial_Metal_Surface_Dataset_COMPACT_FINAL\D\1\img_07_3436814000_00684.jpg,Steel,Defective,COPIED,Industrial_Metal_Surface_Dataset\Steel\Defective\img_07_3436814000_00684.jpg
Industrial_Metal_Surface_Dataset_COMPACT_FINAL\D\1\img_07_3436814000_00691.jpg,Steel,Defective,COPIED,Industrial_Metal_Surface_Dataset\Steel\Defective\img_07_3436814000_00691.jpg
Industrial_Metal_Surface_Dataset_COMPACT_FINAL\D\1\img_07_3436814000_00692.jpg,Steel,Defective,COPIED,Industrial_Metal_Surface_Dataset\Steel\Defective\img_07_3436814000_00692.jpg
Industrial_Metal_Surface_Dataset_COMPACT_FINAL\D\1\img_07_3436814000_00693.jpg,Steel,Defective,COPIED,Industrial_Metal_Surface_Dataset\Steel\Defective\img_07_3436814000_00693.jpg
Industrial_Metal_Surface_Dataset_COMPACT_FINAL\D\1\img_07_3436814000_00694.jpg,Steel,Defective,COPIED,Industrial_Metal_Surface_Dataset\Steel\Defective\img_07_3436814000_00694.jpg
Industrial_Metal_Surface_Dataset_COMPACT_FINAL\D\1\img_07_3437006500_00761.jpg,Steel,Defective,COPIED,Industrial_Metal_Surface_Dataset\Steel\Defective\img_07_3437006500_00761.jpg
Industrial_Metal_Surface_Dataset_COMPACT_FINAL\D\1\img_07_3437011100_00683.jpg,Steel,Defective,COPIED,Industrial_Metal_Surface_Dataset\Steel\Defective\img_07_3437011100_00683.jpg
Industrial_Metal_Surface_Dataset_COMPACT_FINAL\D\1\img_07_3437011100_00684.jpg,Steel,Defective,COPIED,Industrial_Metal_Surface_Dataset\Steel\Defective\img_07_3437011100_00684.jpg
Industrial_Metal_Surface_Dataset_COMPACT_FINAL\D\1\img_07_3437011100_00685.jpg,Steel,Defective,COPIED,Industrial_Metal_Surface_Dataset\Steel\Defective\img_07_3437011100_00685.jpg
Industrial_Metal_Surface_Dataset_COMPACT_FINAL\D\1\img_07_3437011100_00686.jpg,Steel,Defective,COPIED,Industrial_Metal_Surface_Dataset\Steel\Defective\img_07_3437011100_00686.jpg
Industrial_Metal_Surface_Dataset_COMPACT_FINAL\D\1\img_07_3437011100_00688.jpg,Steel,Defective,COPIED,Industrial_Metal_Surface_Dataset\Steel\Defective\img_07_3437011100_00688.jpg
Industrial_Metal_Surface_Dataset_COMPACT_FINAL\D\1\img_07_3437011100_00693.jpg,Steel,Defective,COPIED,Industrial_Metal_Surface_Dataset\Steel\Defective\img_07_3437011100_00693.jpg
Industrial_Metal_Surface_Dataset_COMPACT_FINAL\D\1\img_07_3437011100_01183.jpg,Steel,Defective,COPIED,Industrial_Metal_Surface_Dataset\Steel\Defective\img_07_3437011100_01183.jpg
Industrial_Metal_Surface_Dataset_COMPACT_FINAL\D\1\img_07_425502900_00052.jpg,Steel,Defective,COPIED,Industrial_Metal_Surface_Dataset\Steel\Defective\img_07_425502900_00052.jpg
Industrial_Metal_Surface_Dataset_COMPACT_FINAL\D\1\img_07_427199900_00007.jpg,Steel,Defective,COPIED,Industrial_Metal_Surface_Dataset\Steel\Defective\img_07_427199900_00007.jpg
Industrial_Metal_Surface_Dataset_COMPACT_FINAL\D\1\img_07_427199900_00008.jpg,Steel,Defective,COPIED,Industrial_Metal_Surface_Dataset\Steel\Defective\img_07_427199900_00008.jpg
Industrial_Metal_Surface_Dataset_COMPACT_FINAL\D\1\img_07_435974600_00226.jpg,Steel,Defective,COPIED,Industrial_Metal_Surface_Dataset\Steel\Defective\img_07_435974600_00226.jpg
Industrial_Metal_Surface_Dataset_COMPACT_FINAL\D\1\img_07_435974600_00227.jpg,Steel,Defective,COPIED,Industrial_Metal_Surface_Dataset\Steel\Defective\img_07_435974600_00227.jpg
Industrial_Metal_Surface_Dataset_COMPACT_FINAL\D\1\img_07_435974600_00230.jpg,Steel,Defective,COPIED,Industrial_Metal_Surface_Dataset\Steel\Defective\img_07_435974600_00230.jpg
Industrial_Metal_Surface_Dataset_COMPACT_FINAL\D\1\img_07_436163600_00084.jpg,Steel,Defective,COPIED,Industrial_Metal_Surface_Dataset\Steel\Defective\img_07_436163600_00084.jpg
Industrial_Metal_Surface_Dataset_COMPACT_FINAL\D\1\img_07_436163600_00085.jpg,Steel,Defective,COPIED,Industrial_Metal_Surface_Dataset\Steel\Defective\img_07_436163600_00085.jpg
Industrial_Metal_Surface_Dataset_COMPACT_FINAL\D\1\img_07_436163600_01161.jpg,Steel,Defective,COPIED,Industrial_Metal_Surface_Dataset\Steel\Defective\img_07_436163600_01161.jpg
Industrial_Metal_Surface_Dataset_COMPACT_FINAL\D\1\img_07_436164500_01565.jpg,Steel,Defective,COPIED,Industrial_Metal_Surface_Dataset\Steel\Defective\img_07_436164500_01565.jpg
Industrial_Metal_Surface_Dataset_COMPACT_FINAL\D\1\img_07_436164700_01536.jpg,Steel,Defective,COPIED,Industrial_Metal_Surface_Dataset\Steel\Defective\img_07_436164700_01536.jpg
Industrial_Metal_Surface_Dataset_COMPACT_FINAL\D\1\img_07_436164700_01537.jpg,Steel,Defective,COPIED,Industrial_Metal_Surface_Dataset\Steel\Defective\img_07_436164700_01537.jpg
Industrial_Metal_Surface_Dataset_COMPACT_FINAL\D\1\img_07_436164700_01538.jpg,Steel,Defective,COPIED,Industrial_Metal_Surface_Dataset\Steel\Defective\img_07_436164700_01538.jpg
Industrial_Metal_Surface_Dataset_COMPACT_FINAL\D\1\img_07_436164700_01539.jpg,Steel,Defective,COPIED,Industrial_Metal_Surface_Dataset\Steel\Defective\img_07_436164700_01539.jpg
Industrial_Metal_Surface_Dataset_COMPACT_FINAL\D\1\img_07_436164700_01545.jpg,Steel,Defective,COPIED,Industrial_Metal_Surface_Dataset\Steel\Defective\img_07_436164700_01545.jpg
Industrial_Metal_Surface_Dataset_COMPACT_FINAL\D\1\img_07_436164700_01551.jpg,Steel,Defective,COPIED,Industrial_Metal_Surface_Dataset\Steel\Defective\img_07_436164700_01551.jpg
Industrial_Metal_Surface_Dataset_COMPACT_FINAL\D\1\img_07_436164700_01552.jpg,Steel,Defective,COPIED,Industrial_Metal_Surface_Dataset\Steel\Defective\img_07_436164700_01552.jpg
Industrial_Metal_Surface_Dataset_COMPACT_FINAL\D\1\img_07_436164700_01555.jpg,Steel,Defective,COPIED,Industrial_Metal_Surface_Dataset\Steel\Defective\img_07_436164700_01555.jpg
Industrial_Metal_Surface_Dataset_COMPACT_FINAL\D\1\img_07_436165200_00706.jpg,Steel,Defective,COPIED,Industrial_Metal_Surface_Dataset\Steel\Defective\img_07_436165200_00706.jpg
Industrial_Metal_Surface_Dataset_COMPACT_FINAL\D\1\img_07_4402719100_00014.jpg,Steel,Defective,COPIED,Industrial_Metal_Surface_Dataset\Steel\Defective\img_07_4402719100_00014.jpg
Industrial_Metal_Surface_Dataset_COMPACT_FINAL\D\1\img_07_4402719100_00025.jpg,Steel,Defective,COPIED,Industrial_Metal_Surface_Dataset\Steel\Defective\img_07_4402719100_00025.jpg
Industrial_Metal_Surface_Dataset_COMPACT_FINAL\D\1\img_07_4402719100_00026.jpg,Steel,Defective,COPIED,Industrial_Metal_Surface_Dataset\Steel\Defective\img_07_4402719100_00026.jpg
Industrial_Metal_Surface_Dataset_COMPACT_FINAL\D\1\img_07_4402719200_00026.jpg,Steel,Defective,COPIED,Industrial_Metal_Surface_Dataset\Steel\Defective\img_07_4402719200_00026.jpg
Industrial_Metal_Surface_Dataset_COMPACT_FINAL\D\1\img_07_4402719500_00001.jpg,Steel,Defective,COPIED,Industrial_Metal_Surface_Dataset\Steel\Defective\img_07_4402719500_00001.jpg
Industrial_Metal_Surface_Dataset_COMPACT_FINAL\D\1\img_07_4404374100_01265.jpg,Steel,Defective,COPIED,Industrial_Metal_Surface_Dataset\Steel\Defective\img_07_4404374100_01265.jpg
Industrial_Metal_Surface_Dataset_COMPACT_FINAL\D\1\img_07_4404374100_01279.jpg,Steel,Defective,COPIED,Industrial_Metal_Surface_Dataset\Steel\Defective\img_07_4404374100_01279.jpg
Industrial_Metal_Surface_Dataset_COMPACT_FINAL\D\1\img_07_4404374100_01315.jpg,Steel,Defective,COPIED,Industrial_Metal_Surface_Dataset\Steel\Defective\img_07_4404374100_01315.jpg
Industrial_Metal_Surface_Dataset_COMPACT_FINAL\D\1\img_07_4404374100_01321.jpg,Steel,Defective,COPIED,Industrial_Metal_Surface_Dataset\Steel\Defective\img_07_4404374100_01321.jpg
Industrial_Metal_Surface_Dataset_COMPACT_FINAL\D\1\img_07_4404374100_01338.jpg,Steel,Defective,COPIED,Industrial_Metal_Surface_Dataset\Steel\Defective\img_07_4404374100_01338.jpg
Industrial_Metal_Surface_Dataset_COMPACT_FINAL\D\1\img_07_4404374100_01348.jpg,Steel,Defective,COPIED,Industrial_Metal_Surface_Dataset\Steel\Defective\img_07_4404374100_01348.jpg
Industrial_Metal_Surface_Dataset_COMPACT_FINAL\D\1\img_07_4404374100_01349.jpg,Steel,Defective,COPIED,Industrial_Metal_Surface_Dataset\Steel\Defective\img_07_4404374100_01349.jpg
Industrial_Metal_Surface_Dataset_COMPACT_FINAL\D\1\img_07_4404374100_01367.jpg,Steel,Defective,COPIED,Industrial_Metal_Surface_Dataset\Steel\Defective\img_07_4404374100_01367.jpg
Industrial_Metal_Surface_Dataset_COMPACT_FINAL\D\1\img_07_4404712100_01000.jpg,Steel,Defective,COPIED,Industrial_Metal_Surface_Dataset\Steel\Defective\img_07_4404712100_01000.jpg
Industrial_Metal_Surface_Dataset_COMPACT_FINAL\D\1\img_07_4405133600_00033.jpg,Steel,Defective,COPIED,Industrial_Metal_Surface_Dataset\Steel\Defective\img_07_4405133600_00033.jpg
Industrial_Metal_Surface_Dataset_COMPACT_FINAL\D\1\img_07_4405133600_00034.jpg,Steel,Defective,COPIED,Industrial_Metal_Surface_Dataset\Steel\Defective\img_07_4405133600_00034.jpg
Industrial_Metal_Surface_Dataset_COMPACT_FINAL\D\1\img_07_4405133600_00036.jpg,Steel,Defective,COPIED,Industrial_Metal_Surface_Dataset\Steel\Defective\img_07_4405133600_00036.jpg
Industrial_Metal_Surface_Dataset_COMPACT_FINAL\D\1\img_07_4405133600_00039.jpg,Steel,Defective,COPIED,Industrial_Metal_Surface_Dataset\Steel\Defective\img_07_4405133600_00039.jpg
Industrial_Metal_Surface_Dataset_COMPACT_FINAL\D\1\img_07_4405133600_00042.jpg,Steel,Defective,COPIED,Industrial_Metal_Surface_Dataset\Steel\Defective\img_07_4405133600_00042.jpg
Industrial_Metal_Surface_Dataset_COMPACT_FINAL\D\1\img_07_4405133600_00044.jpg,Steel,Defective,COPIED,Industrial_Metal_Surface_Dataset\Steel\Defective\img_07_4405133600_00044.jpg
Industrial_Metal_Surface_Dataset_COMPACT_FINAL\D\1\img_07_4405133600_00046.jpg,Steel,Defective,COPIED,Industrial_Metal_Surface_Dataset\Steel\Defective\img_07_4405133600_00046.jpg
Industrial_Metal_Surface_Dataset_COMPACT_FINAL\D\1\img_07_4405168700_00710.jpg,Steel,Defective,COPIED,Industrial_Metal_Surface_Dataset\Steel\Defective\img_07_4405168700_00710.jpg
Industrial_Metal_Surface_Dataset_COMPACT_FINAL\D\1\img_07_4405168700_00711.jpg,Steel,Defective,COPIED,Industrial_Metal_Surface_Dataset\Steel\Defective\img_07_4405168700_00711.jpg
Industrial_Metal_Surface_Dataset_COMPACT_FINAL\D\1\img_07_4405376800_00037.jpg,Steel,Defective,COPIED,Industrial_Metal_Surface_Dataset\Steel\Defective\img_07_4405376800_00037.jpg
Industrial_Metal_Surface_Dataset_COMPACT_FINAL\D\1\img_07_4405376800_00038.jpg,Steel,Defective,COPIED,Industrial_Metal_Surface_Dataset\Steel\Defective\img_07_4405376800_00038.jpg
Industrial_Metal_Surface_Dataset_COMPACT_FINAL\D\1\img_07_4405376800_00039.jpg,Steel,Defective,COPIED,Industrial_Metal_Surface_Dataset\Steel\Defective\img_07_4405376800_00039.jpg
Industrial_Metal_Surface_Dataset_COMPACT_FINAL\D\8\img_02_3436787300_00007.jpg,Steel,Defective,DUPLICATE_SKIPPED,
Industrial_Metal_Surface_Dataset_COMPACT_FINAL\D\8\img_02_431854300_00002.jpg,Steel,Defective,DUPLICATE_SKIPPED,
Industrial_Metal_Surface_Dataset_COMPACT_FINAL\D\8\img_02_4402116500_00005.jpg,Steel,Defective,DUPLICATE_SKIPPED,
Industrial_Metal_Surface_Dataset_COMPACT_FINAL\D\8\img_02_4402329000_00001.jpg,Steel,Defective,DUPLICATE_SKIPPED,
Industrial_Metal_Surface_Dataset_COMPACT_FINAL\D\8\img_02_4402329100_00006.jpg,Steel,Defective,DUPLICATE_SKIPPED,
Industrial_Metal_Surface_Dataset_COMPACT_FINAL\D\8\img_02_4402785600_00004.jpg,Steel,Defective,DUPLICATE_SKIPPED,
Industrial_Metal_Surface_Dataset_COMPACT_FINAL\D\8\img_03_3437006900_00002.jpg,Steel,Defective,DUPLICATE_SKIPPED,
Industrial_Metal_Surface_Dataset_COMPACT_FINAL\D\8\img_03_425501800_00019.jpg,Steel,Defective,DUPLICATE_SKIPPED,
Industrial_Metal_Surface_Dataset_COMPACT_FINAL\D\8\img_03_425622700_00002.jpg,Steel,Defective,DUPLICATE_SKIPPED,
Industrial_Metal_Surface_Dataset_COMPACT_FINAL\D\8\img_03_425644600_00003.jpg,Steel,Defective,DUPLICATE_SKIPPED,
Industrial_Metal_Surface_Dataset_COMPACT_FINAL\D\8\img_03_436068500_00002.jpg,Steel,Defective,DUPLICATE_SKIPPED,
Industrial_Metal_Surface_Dataset_COMPACT_FINAL\D\8\img_03_4402117000_00003.jpg,Steel,Defective,COPIED,Industrial_Metal_Surface_Dataset\Steel\Defective\img_03_4402117000_00003.jpg
Industrial_Metal_Surface_Dataset_COMPACT_FINAL\D\8\img_03_4402117400_00003.jpg,Steel,Defective,DUPLICATE_SKIPPED,
Industrial_Metal_Surface_Dataset_COMPACT_FINAL\D\8\img_03_4402329000_00001.jpg,Steel,Defective,DUPLICATE_SKIPPED,
Industrial_Metal_Surface_Dataset_COMPACT_FINAL\D\8\img_03_4402624500_00002.jpg,Steel,Defective,DUPLICATE_SKIPPED,
Industrial_Metal_Surface_Dataset_COMPACT_FINAL\D\8\img_03_4402724500_01238.jpg,Steel,Defective,DUPLICATE_SKIPPED,
Industrial_Metal_Surface_Dataset_COMPACT_FINAL\D\8\img_03_4402724500_01242.jpg,Steel,Defective,DUPLICATE_SKIPPED,
Industrial_Metal_Surface_Dataset_COMPACT_FINAL\D\8\img_03_4402724500_01243.jpg,Steel,Defective,DUPLICATE_SKIPPED,
Industrial_Metal_Surface_Dataset_COMPACT_FINAL\D\8\img_03_4402724500_01245.jpg,Steel,Defective,DUPLICATE_SKIPPED,
Industrial_Metal_Surface_Dataset_COMPACT_FINAL\D\8\img_03_4402766900_00001.jpg,Steel,Defective,DUPLICATE_SKIPPED,
Industrial_Metal_Surface_Dataset_COMPACT_FINAL\D\8\img_03_4403956700_00007.jpg,Steel,Defective,DUPLICATE_SKIPPED,
Industrial_Metal_Surface_Dataset_COMPACT_FINAL\D\8\img_06_425505500_00052.jpg,Steel,Defective,DUPLICATE_SKIPPED,
Industrial_Metal_Surface_Dataset_COMPACT_FINAL\D\8\img_06_427199900_00007.jpg,Steel,Defective,DUPLICATE_SKIPPED,
Industrial_Metal_Surface_Dataset_COMPACT_FINAL\D\8\img_06_4404580000_00741.jpg,Steel,Defective,DUPLICATE_SKIPPED,
Industrial_Metal_Surface_Dataset_COMPACT_FINAL\D\8\img_07_427199900_00007.jpg,Steel,Defective,DUPLICATE_SKIPPED,
Industrial_Metal_Surface_Dataset_COMPACT_FINAL\D\9\img_02_3436789500_00005.jpg,Steel,Defective,COPIED,Industrial_Metal_Surface_Dataset\Steel\Defective\img_02_3436789500_00005.jpg
Industrial_Metal_Surface_Dataset_COMPACT_FINAL\D\9\img_02_4402116700_00002.jpg,Steel,Defective,COPIED,Industrial_Metal_Surface_Dataset\Steel\Defective\img_02_4402116700_00002.jpg
Industrial_Metal_Surface_Dataset_COMPACT_FINAL\D\9\img_02_4406430100_00002.jpg,Steel,Defective,COPIED,Industrial_Metal_Surface_Dataset\Steel\Defective\img_02_4406430100_00002.jpg
Industrial_Metal_Surface_Dataset_COMPACT_FINAL\D\9\img_02_4406783500_00004.jpg,Steel,Defective,COPIED,Industrial_Metal_Surface_Dataset\Steel\Defective\img_02_4406783500_00004.jpg
Industrial_Metal_Surface_Dataset_COMPACT_FINAL\D\9\img_02_4406783500_00008.jpg,Steel,Defective,COPIED,Industrial_Metal_Surface_Dataset\Steel\Defective\img_02_4406783500_00008.jpg
Industrial_Metal_Surface_Dataset_COMPACT_FINAL\D\9\img_02_4406783500_00009.jpg,Steel,Defective,COPIED,Industrial_Metal_Surface_Dataset\Steel\Defective\img_02_4406783500_00009.jpg
Industrial_Metal_Surface_Dataset_COMPACT_FINAL\D\9\img_02_4406783500_00010.jpg,Steel,Defective,DUPLICATE_SKIPPED,
Industrial_Metal_Surface_Dataset_COMPACT_FINAL\D\9\img_03_4402270500_00004.jpg,Steel,Defective,DUPLICATE_SKIPPED,
Industrial_Metal_Surface_Dataset_COMPACT_FINAL\D\9\img_03_4405964400_00010.jpg,Steel,Defective,DUPLICATE_SKIPPED,
Industrial_Metal_Surface_Dataset_COMPACT_FINAL\D\9\img_03_4405964900_00010.jpg,Steel,Defective,DUPLICATE_SKIPPED,
Industrial_Metal_Surface_Dataset_COMPACT_FINAL\D\9\img_03_4406783500_00009.jpg,Steel,Defective,DUPLICATE_SKIPPED,
Industrial_Metal_Surface_Dataset_COMPACT_FINAL\D\9\img_06_3436642500_00002.jpg,Steel,Defective,DUPLICATE_SKIPPED,
Industrial_Metal_Surface_Dataset_COMPACT_FINAL\D\9\img_06_3436786500_00578.jpg,Steel,Defective,DUPLICATE_SKIPPED,
Industrial_Metal_Surface_Dataset_COMPACT_FINAL\D\9\img_06_3436814000_00687.jpg,Steel,Defective,COPIED,Industrial_Metal_Surface_Dataset\Steel\Defective\img_06_3436814000_00687_1.jpg
Industrial_Metal_Surface_Dataset_COMPACT_FINAL\D\9\img_06_427199900_01016.jpg,Steel,Defective,DUPLICATE_SKIPPED,
Industrial_Metal_Surface_Dataset_COMPACT_FINAL\D\9\img_06_427199900_01134.jpg,Steel,Defective,DUPLICATE_SKIPPED,
Industrial_Metal_Surface_Dataset_COMPACT_FINAL\D\9\img_06_430103100_01149.jpg,Steel,Defective,DUPLICATE_SKIPPED,
Industrial_Metal_Surface_Dataset_COMPACT_FINAL\D\9\img_06_430103100_01150.jpg,Steel,Defective,DUPLICATE_SKIPPED,
Industrial_Metal_Surface_Dataset_COMPACT_FINAL\D\9\img_06_4404616100_00947.jpg,Steel,Defective,COPIED,Industrial_Metal_Surface_Dataset\Steel\Defective\img_06_4404616100_00947.jpg
Industrial_Metal_Surface_Dataset_COMPACT_FINAL\D\9\img_06_4406783500_00003.jpg,Steel,Defective,COPIED,Industrial_Metal_Surface_Dataset\Steel\Defective\img_06_4406783500_00003.jpg
Industrial_Metal_Surface_Dataset_COMPACT_FINAL\D\9\img_07_427199900_01135.jpg,Steel,Defective,COPIED,Industrial_Metal_Surface_Dataset\Steel\Defective\img_07_427199900_01135.jpg
Industrial_Metal_Surface_Dataset_COMPACT_FINAL\D\9\img_07_4405376700_00809.jpg,Steel,Defective,COPIED,Industrial_Metal_Surface_Dataset\Steel\Defective\img_07_4405376700_00809.jpg
Industrial_Metal_Surface_Dataset_COMPACT_FINAL\D\9\img_07_4405376700_00815.jpg,Steel,Defective,COPIED,Industrial_Metal_Surface_Dataset\Steel\Defective\img_07_4405376700_00815.jpg
Industrial_Metal_Surface_Dataset_COMPACT_FINAL\D\9\img_07_4405381400_00773.jpg,Steel,Defective,COPIED,Industrial_Metal_Surface_Dataset\Steel\Defective\img_07_4405381400_00773.jpg
Industrial_Metal_Surface_Dataset_COMPACT_FINAL\D\9\img_07_4405381400_00779.jpg,Steel,Defective,COPIED,Industrial_Metal_Surface_Dataset\Steel\Defective\img_07_4405381400_00779.jpg
Industrial_Metal_Surface_Dataset_COMPACT_FINAL\D\9\img_07_4406444100_00004.jpg,Steel,Defective,COPIED,Industrial_Metal_Surface_Dataset\Steel\Defective\img_07_4406444100_00004.jpg
Industrial_Metal_Surface_Dataset_COMPACT_FINAL\D\10\img_02_3402618000_00002.jpg,Steel,Defective,COPIED,Industrial_Metal_Surface_Dataset\Steel\Defective\img_02_3402618000_00002.jpg
Industrial_Metal_Surface_Dataset_COMPACT_FINAL\D\10\img_02_3402618000_00007.jpg,Steel,Defective,COPIED,Industrial_Metal_Surface_Dataset\Steel\Defective\img_02_3402618000_00007.jpg
Industrial_Metal_Surface_Dataset_COMPACT_FINAL\D\10\img_02_3402618000_00010.jpg,Steel,Defective,COPIED,Industrial_Metal_Surface_Dataset\Steel\Defective\img_02_3402618000_00010.jpg
Industrial_Metal_Surface_Dataset_COMPACT_FINAL\D\10\img_02_4404612700_00054.jpg,Steel,Defective,COPIED,Industrial_Metal_Surface_Dataset\Steel\Defective\img_02_4404612700_00054.jpg
Industrial_Metal_Surface_Dataset_COMPACT_FINAL\D\10\img_03_3402618000_00007.jpg,Steel,Defective,COPIED,Industrial_Metal_Surface_Dataset\Steel\Defective\img_03_3402618000_00007.jpg
Industrial_Metal_Surface_Dataset_COMPACT_FINAL\D\10\img_03_3402618000_00013.jpg,Steel,Defective,COPIED,Industrial_Metal_Surface_Dataset\Steel\Defective\img_03_3402618000_00013.jpg
Industrial_Metal_Surface_Dataset_COMPACT_FINAL\D\10\img_03_4404374100_01295.jpg,Steel,Defective,COPIED,Industrial_Metal_Surface_Dataset\Steel\Defective\img_03_4404374100_01295.jpg
Industrial_Metal_Surface_Dataset_COMPACT_FINAL\D\10\img_03_4404374300_00045.jpg,Steel,Defective,COPIED,Industrial_Metal_Surface_Dataset\Steel\Defective\img_03_4404374300_00045.jpg
Industrial_Metal_Surface_Dataset_COMPACT_FINAL\D\10\img_03_4404612700_00049.jpg,Steel,Defective,COPIED,Industrial_Metal_Surface_Dataset\Steel\Defective\img_03_4404612700_00049.jpg
Industrial_Metal_Surface_Dataset_COMPACT_FINAL\D\10\img_05_4402719200_00029.jpg,Steel,Defective,COPIED,Industrial_Metal_Surface_Dataset\Steel\Defective\img_05_4402719200_00029.jpg
Industrial_Metal_Surface_Dataset_COMPACT_FINAL\D\10\img_06_3436639700_00756.jpg,Steel,Defective,COPIED,Industrial_Metal_Surface_Dataset\Steel\Defective\img_06_3436639700_00756.jpg
Industrial_Metal_Surface_Dataset_COMPACT_FINAL\D\10\img_06_3436639700_00760.jpg,Steel,Defective,COPIED,Industrial_Metal_Surface_Dataset\Steel\Defective\img_06_3436639700_00760.jpg
Industrial_Metal_Surface_Dataset_COMPACT_FINAL\D\10\img_06_3436786500_00002.jpg,Steel,Defective,COPIED,Industrial_Metal_Surface_Dataset\Steel\Defective\img_06_3436786500_00002.jpg
Industrial_Metal_Surface_Dataset_COMPACT_FINAL\D\10\img_06_3436786500_00565.jpg,Steel,Defective,COPIED,Industrial_Metal_Surface_Dataset\Steel\Defective\img_06_3436786500_00565.jpg
Industrial_Metal_Surface_Dataset_COMPACT_FINAL\D\10\img_06_3436814000_00005.jpg,Steel,Defective,COPIED,Industrial_Metal_Surface_Dataset\Steel\Defective\img_06_3436814000_00005.jpg
Industrial_Metal_Surface_Dataset_COMPACT_FINAL\D\10\img_06_3436814000_00006.jpg,Steel,Defective,COPIED,Industrial_Metal_Surface_Dataset\Steel\Defective\img_06_3436814000_00006.jpg
Industrial_Metal_Surface_Dataset_COMPACT_FINAL\D\10\img_06_3436814000_00007.jpg,Steel,Defective,COPIED,Industrial_Metal_Surface_Dataset\Steel\Defective\img_06_3436814000_00007.jpg
Industrial_Metal_Surface_Dataset_COMPACT_FINAL\D\10\img_06_3436814000_00008.jpg,Steel,Defective,COPIED,Industrial_Metal_Surface_Dataset\Steel\Defective\img_06_3436814000_00008.jpg
Industrial_Metal_Surface_Dataset_COMPACT_FINAL\D\10\img_06_3436814000_00009.jpg,Steel,Defective,COPIED,Industrial_Metal_Surface_Dataset\Steel\Defective\img_06_3436814000_00009.jpg
Industrial_Metal_Surface_Dataset_COMPACT_FINAL\D\10\img_06_3436814000_00011.jpg,Steel,Defective,COPIED,Industrial_Metal_Surface_Dataset\Steel\Defective\img_06_3436814000_00011.jpg
Industrial_Metal_Surface_Dataset_COMPACT_FINAL\D\10\img_06_3436814000_00016.jpg,Steel,Defective,COPIED,Industrial_Metal_Surface_Dataset\Steel\Defective\img_06_3436814000_00016.jpg
Industrial_Metal_Surface_Dataset_COMPACT_FINAL\D\10\img_06_3436814000_00675.jpg,Steel,Defective,COPIED,Industrial_Metal_Surface_Dataset\Steel\Defective\img_06_3436814000_00675.jpg
Industrial_Metal_Surface_Dataset_COMPACT_FINAL\D\10\img_06_3436814000_00679.jpg,Steel,Defective,DUPLICATE_SKIPPED,
Industrial_Metal_Surface_Dataset_COMPACT_FINAL\D\10\img_06_3436814000_00681.jpg,Steel,Defective,DUPLICATE_SKIPPED,
Industrial_Metal_Surface_Dataset_COMPACT_FINAL\D\10\img_06_3436814000_00683.jpg,Steel,Defective,DUPLICATE_SKIPPED,
Industrial_Metal_Surface_Dataset_COMPACT_FINAL\D\10\img_06_3436814000_00686.jpg,Steel,Defective,DUPLICATE_SKIPPED,
Industrial_Metal_Surface_Dataset_COMPACT_FINAL\D\10\img_06_3436814000_00687.jpg,Steel,Defective,DUPLICATE_SKIPPED,
Industrial_Metal_Surface_Dataset_COMPACT_FINAL\D\10\img_06_3436814000_00688.jpg,Steel,Defective,DUPLICATE_SKIPPED,
Industrial_Metal_Surface_Dataset_COMPACT_FINAL\D\10\img_06_3436814000_00691.jpg,Steel,Defective,DUPLICATE_SKIPPED,
Industrial_Metal_Surface_Dataset_COMPACT_FINAL\D\10\img_06_3436814000_00693.jpg,Steel,Defective,DUPLICATE_SKIPPED,
Industrial_Metal_Surface_Dataset_COMPACT_FINAL\D\10\img_06_3436814600_00007.jpg,Steel,Defective,DUPLICATE_SKIPPED,
Industrial_Metal_Surface_Dataset_COMPACT_FINAL\D\10\img_06_3437011100_01183.jpg,Steel,Defective,DUPLICATE_SKIPPED,
Industrial_Metal_Surface_Dataset_COMPACT_FINAL\D\10\img_06_424826800_00488.jpg,Steel,Defective,COPIED,Industrial_Metal_Surface_Dataset\Steel\Defective\img_06_424826800_00488.jpg
Industrial_Metal_Surface_Dataset_COMPACT_FINAL\D\10\img_06_424826800_00490.jpg,Steel,Defective,COPIED,Industrial_Metal_Surface_Dataset\Steel\Defective\img_06_424826800_00490.jpg
Industrial_Metal_Surface_Dataset_COMPACT_FINAL\D\10\img_06_424826800_00492.jpg,Steel,Defective,COPIED,Industrial_Metal_Surface_Dataset\Steel\Defective\img_06_424826800_00492.jpg
Industrial_Metal_Surface_Dataset_COMPACT_FINAL\D\10\img_06_436164300_00003.jpg,Steel,Defective,COPIED,Industrial_Metal_Surface_Dataset\Steel\Defective\img_06_436164300_00003.jpg
Industrial_Metal_Surface_Dataset_COMPACT_FINAL\D\10\img_06_436164300_00004.jpg,Steel,Defective,COPIED,Industrial_Metal_Surface_Dataset\Steel\Defective\img_06_436164300_00004.jpg
Industrial_Metal_Surface_Dataset_COMPACT_FINAL\D\10\img_06_436164700_01537.jpg,Steel,Defective,COPIED,Industrial_Metal_Surface_Dataset\Steel\Defective\img_06_436164700_01537.jpg
Industrial_Metal_Surface_Dataset_COMPACT_FINAL\D\10\img_06_436164700_01556.jpg,Steel,Defective,COPIED,Industrial_Metal_Surface_Dataset\Steel\Defective\img_06_436164700_01556.jpg
Industrial_Metal_Surface_Dataset_COMPACT_FINAL\D\10\img_06_436185800_00723.jpg,Steel,Defective,COPIED,Industrial_Metal_Surface_Dataset\Steel\Defective\img_06_436185800_00723.jpg
Industrial_Metal_Surface_Dataset_COMPACT_FINAL\D\10\img_06_436185800_00727.jpg,Steel,Defective,COPIED,Industrial_Metal_Surface_Dataset\Steel\Defective\img_06_436185800_00727.jpg
Industrial_Metal_Surface_Dataset_COMPACT_FINAL\D\10\img_06_436185800_00731.jpg,Steel,Defective,COPIED,Industrial_Metal_Surface_Dataset\Steel\Defective\img_06_436185800_00731.jpg
Industrial_Metal_Surface_Dataset_COMPACT_FINAL\D\10\img_06_436185800_00735.jpg,Steel,Defective,COPIED,Industrial_Metal_Surface_Dataset\Steel\Defective\img_06_436185800_00735.jpg
Industrial_Metal_Surface_Dataset_COMPACT_FINAL\D\10\img_06_4402719100_00020.jpg,Steel,Defective,DUPLICATE_SKIPPED,
Industrial_Metal_Surface_Dataset_COMPACT_FINAL\D\10\img_06_4402719200_00017.jpg,Steel,Defective,DUPLICATE_SKIPPED,
Industrial_Metal_Surface_Dataset_COMPACT_FINAL\D\10\img_06_4402830700_01162.jpg,Steel,Defective,DUPLICATE_SKIPPED,
Industrial_Metal_Surface_Dataset_COMPACT_FINAL\D\10\img_06_4404374100_01306.jpg,Steel,Defective,DUPLICATE_SKIPPED,
Industrial_Metal_Surface_Dataset_COMPACT_FINAL\D\10\img_06_4404374100_01337.jpg,Steel,Defective,DUPLICATE_SKIPPED,
Industrial_Metal_Surface_Dataset_COMPACT_FINAL\D\10\img_06_4404374100_01350.jpg,Steel,Defective,DUPLICATE_SKIPPED,
Industrial_Metal_Surface_Dataset_COMPACT_FINAL\D\10\img_06_4405133600_00034.jpg,Steel,Defective,DUPLICATE_SKIPPED,
Industrial_Metal_Surface_Dataset_COMPACT_FINAL\D\10\img_06_4405133600_00035.jpg,Steel,Defective,DUPLICATE_SKIPPED,
Industrial_Metal_Surface_Dataset_COMPACT_FINAL\D\10\img_06_4405133600_00921.jpg,Steel,Defective,DUPLICATE_SKIPPED,
Industrial_Metal_Surface_Dataset_COMPACT_FINAL\D\10\img_06_4405377100_00032.jpg,Steel,Defective,DUPLICATE_SKIPPED,
Industrial_Metal_Surface_Dataset_COMPACT_FINAL\D\10\img_07_3436785900_00004.jpg,Steel,Defective,DUPLICATE_SKIPPED,
Industrial_Metal_Surface_Dataset_COMPACT_FINAL\D\10\img_07_3436786500_00002.jpg,Steel,Defective,DUPLICATE_SKIPPED,
Industrial_Metal_Surface_Dataset_COMPACT_FINAL\D\10\img_07_3436814000_00005.jpg,Steel,Defective,DUPLICATE_SKIPPED,
Industrial_Metal_Surface_Dataset_COMPACT_FINAL\D\10\img_07_3436814000_00006.jpg,Steel,Defective,DUPLICATE_SKIPPED,
Industrial_Metal_Surface_Dataset_COMPACT_FINAL\D\10\img_07_3436814000_00007.jpg,Steel,Defective,DUPLICATE_SKIPPED,
Industrial_Metal_Surface_Dataset_COMPACT_FINAL\D\10\img_07_3436814000_00009.jpg,Steel,Defective,DUPLICATE_SKIPPED,
Industrial_Metal_Surface_Dataset_COMPACT_FINAL\D\10\img_07_3436814000_00010.jpg,Steel,Defective,DUPLICATE_SKIPPED,
Industrial_Metal_Surface_Dataset_COMPACT_FINAL\D\10\img_07_3436814000_00011.jpg,Steel,Defective,DUPLICATE_SKIPPED,
Industrial_Metal_Surface_Dataset_COMPACT_FINAL\D\10\img_07_3436814000_00016.jpg,Steel,Defective,DUPLICATE_SKIPPED,
Industrial_Metal_Surface_Dataset_COMPACT_FINAL\D\10\img_07_3436814000_00020.jpg,Steel,Defective,DUPLICATE_SKIPPED,
Industrial_Metal_Surface_Dataset_COMPACT_FINAL\D\10\img_07_3436814000_00676.jpg,Steel,Defective,DUPLICATE_SKIPPED,
Industrial_Metal_Surface_Dataset_COMPACT_FINAL\D\10\img_07_3436814000_00679.jpg,Steel,Defective,DUPLICATE_SKIPPED,
Industrial_Metal_Surface_Dataset_COMPACT_FINAL\D\10\img_07_3436814000_00680.jpg,Steel,Defective,DUPLICATE_SKIPPED,
Industrial_Metal_Surface_Dataset_COMPACT_FINAL\D\10\img_07_3436814000_00684.jpg,Steel,Defective,DUPLICATE_SKIPPED,
Industrial_Metal_Surface_Dataset_COMPACT_FINAL\D\10\img_07_3436814000_00691.jpg,Steel,Defective,DUPLICATE_SKIPPED,
Industrial_Metal_Surface_Dataset_COMPACT_FINAL\D\10\img_07_3436814000_00692.jpg,Steel,Defective,DUPLICATE_SKIPPED,
Industrial_Metal_Surface_Dataset_COMPACT_FINAL\D\10\img_07_3436814000_00693.jpg,Steel,Defective,DUPLICATE_SKIPPED,
Industrial_Metal_Surface_Dataset_COMPACT_FINAL\D\10\img_07_3436814000_00694.jpg,Steel,Defective,DUPLICATE_SKIPPED,
Industrial_Metal_Surface_Dataset_COMPACT_FINAL\D\10\img_07_3437006500_00761.jpg,Steel,Defective,DUPLICATE_SKIPPED,
Industrial_Metal_Surface_Dataset_COMPACT_FINAL\D\10\img_07_3437011100_01183.jpg,Steel,Defective,DUPLICATE_SKIPPED,
Industrial_Metal_Surface_Dataset_COMPACT_FINAL\D\10\img_07_427199900_00008.jpg,Steel,Defective,DUPLICATE_SKIPPED,
Industrial_Metal_Surface_Dataset_COMPACT_FINAL\D\10\img_07_436163600_01161.jpg,Steel,Defective,COPIED,Industrial_Metal_Surface_Dataset\Steel\Defective\img_07_436163600_01161_1.jpg
Industrial_Metal_Surface_Dataset_COMPACT_FINAL\D\10\img_07_436164700_01536.jpg,Steel,Defective,DUPLICATE_SKIPPED,
Industrial_Metal_Surface_Dataset_COMPACT_FINAL\D\10\img_07_436164700_01537.jpg,Steel,Defective,DUPLICATE_SKIPPED,
Industrial_Metal_Surface_Dataset_COMPACT_FINAL\D\10\img_07_436164700_01538.jpg,Steel,Defective,DUPLICATE_SKIPPED,
Industrial_Metal_Surface_Dataset_COMPACT_FINAL\D\10\img_07_436164700_01539.jpg,Steel,Defective,DUPLICATE_SKIPPED,
Industrial_Metal_Surface_Dataset_COMPACT_FINAL\D\10\img_07_436164700_01545.jpg,Steel,Defective,DUPLICATE_SKIPPED,
Industrial_Metal_Surface_Dataset_COMPACT_FINAL\D\10\img_07_436164700_01551.jpg,Steel,Defective,DUPLICATE_SKIPPED,
Industrial_Metal_Surface_Dataset_COMPACT_FINAL\D\10\img_07_436164700_01552.jpg,Steel,Defective,DUPLICATE_SKIPPED,
Industrial_Metal_Surface_Dataset_COMPACT_FINAL\D\10\img_07_4402719100_00014.jpg,Steel,Defective,DUPLICATE_SKIPPED,
Industrial_Metal_Surface_Dataset_COMPACT_FINAL\D\10\img_07_4402719100_00025.jpg,Steel,Defective,DUPLICATE_SKIPPED,
Industrial_Metal_Surface_Dataset_COMPACT_FINAL\D\10\img_07_4402719100_00026.jpg,Steel,Defective,DUPLICATE_SKIPPED,
Industrial_Metal_Surface_Dataset_COMPACT_FINAL\D\10\img_07_4402719200_00026.jpg,Steel,Defective,DUPLICATE_SKIPPED,
Industrial_Metal_Surface_Dataset_COMPACT_FINAL\D\10\img_07_4402719500_00001.jpg,Steel,Defective,DUPLICATE_SKIPPED,
Industrial_Metal_Surface_Dataset_COMPACT_FINAL\D\10\img_07_4404374100_01265.jpg,Steel,Defective,DUPLICATE_SKIPPED,
Industrial_Metal_Surface_Dataset_COMPACT_FINAL\D\10\img_07_4404374100_01279.jpg,Steel,Defective,DUPLICATE_SKIPPED,
Industrial_Metal_Surface_Dataset_COMPACT_FINAL\D\10\img_07_4404374100_01315.jpg,Steel,Defective,DUPLICATE_SKIPPED,
Industrial_Metal_Surface_Dataset_COMPACT_FINAL\D\10\img_07_4404374100_01321.jpg,Steel,Defective,DUPLICATE_SKIPPED,
Industrial_Metal_Surface_Dataset_COMPACT_FINAL\D\10\img_07_4404374100_01338.jpg,Steel,Defective,DUPLICATE_SKIPPED,
Industrial_Metal_Surface_Dataset_COMPACT_FINAL\D\10\img_07_4404374100_01348.jpg,Steel,Defective,DUPLICATE_SKIPPED,
Industrial_Metal_Surface_Dataset_COMPACT_FINAL\D\10\img_07_4404374100_01349.jpg,Steel,Defective,DUPLICATE_SKIPPED,
Industrial_Metal_Surface_Dataset_COMPACT_FINAL\D\10\img_07_4404374100_01367.jpg,Steel,Defective,DUPLICATE_SKIPPED,
Industrial_Metal_Surface_Dataset_COMPACT_FINAL\D\10\img_07_4404712100_01000.jpg,Steel,Defective,DUPLICATE_SKIPPED,
Industrial_Metal_Surface_Dataset_COMPACT_FINAL\D\10\img_07_4405133600_00033.jpg,Steel,Defective,DUPLICATE_SKIPPED,
Industrial_Metal_Surface_Dataset_COMPACT_FINAL\D\10\img_07_4405133600_00034.jpg,Steel,Defective,DUPLICATE_SKIPPED,
Industrial_Metal_Surface_Dataset_COMPACT_FINAL\D\10\img_07_4405133600_00036.jpg,Steel,Defective,DUPLICATE_SKIPPED,
Industrial_Metal_Surface_Dataset_COMPACT_FINAL\D\10\img_07_4405133600_00039.jpg,Steel,Defective,DUPLICATE_SKIPPED,
Industrial_Metal_Surface_Dataset_COMPACT_FINAL\D\10\img_07_4405133600_00042.jpg,Steel,Defective,DUPLICATE_SKIPPED,
Industrial_Metal_Surface_Dataset_COMPACT_FINAL\D\10\img_07_4405133600_00044.jpg,Steel,Defective,DUPLICATE_SKIPPED,
Industrial_Metal_Surface_Dataset_COMPACT_FINAL\D\10\img_07_4405133600_00046.jpg,Steel,Defective,DUPLICATE_SKIPPED,
Industrial_Metal_Surface_Dataset_COMPACT_FINAL\D\10\img_07_4405376800_00037.jpg,Steel,Defective,DUPLICATE_SKIPPED,
Industrial_Metal_Surface_Dataset_COMPACT_FINAL\D\10\img_07_4405376800_00038.jpg,Steel,Defective,DUPLICATE_SKIPPED,
Industrial_Metal_Surface_Dataset_COMPACT_FINAL\D\10\img_07_4405376800_00039.jpg,Steel,Defective,DUPLICATE_SKIPPED,
Industrial_Metal_Surface_Dataset_COMPACT_FINAL\D\10\img_07_4405376800_00042.jpg,Steel,Defective,COPIED,Industrial_Metal_Surface_Dataset\Steel\Defective\img_07_4405376800_00042.jpg
Industrial_Metal_Surface_Dataset_COMPACT_FINAL\D\10\img_07_4406645900_00897.jpg,Steel,Defective,COPIED,Industrial_Metal_Surface_Dataset\Steel\Defective\img_07_4406645900_00897.jpg
Industrial_Metal_Surface_Dataset_COMPACT_FINAL\D\10\img_07_SIS002353_00788.jpg,Steel,Defective,COPIED,Industrial_Metal_Surface_Dataset\Steel\Defective\img_07_SIS002353_00788.jpg
Industrial_Metal_Surface_Dataset_COMPACT_FINAL\Dataset\Defective\image_1.jpg,Aluminium,Defective,COPIED,Industrial_Metal_Surface_Dataset\Aluminium\Defective\image_1.jpg
Industrial_Metal_Surface_Dataset_COMPACT_FINAL\Dataset\Defective\image_10.jpg,Aluminium,Defective,COPIED,Industrial_Metal_Surface_Dataset\Aluminium\Defective\image_10.jpg
Industrial_Metal_Surface_Dataset_COMPACT_FINAL\Dataset\Defective\image_100.jpg,Aluminium,Defective,COPIED,Industrial_Metal_Surface_Dataset\Aluminium\Defective\image_100.jpg
Industrial_Metal_Surface_Dataset_COMPACT_FINAL\Dataset\Defective\image_101.jpg,Aluminium,Defective,COPIED,Industrial_Metal_Surface_Dataset\Aluminium\Defective\image_101.jpg
Industrial_Metal_Surface_Dataset_COMPACT_FINAL\Dataset\Defective\image_102.jpg,Aluminium,Defective,COPIED,Industrial_Metal_Surface_Dataset\Aluminium\Defective\image_102.jpg
Industrial_Metal_Surface_Dataset_COMPACT_FINAL\Dataset\Defective\image_103.jpg,Aluminium,Defective,COPIED,Industrial_Metal_Surface_Dataset\Aluminium\Defective\image_103.jpg
Industrial_Metal_Surface_Dataset_COMPACT_FINAL\Dataset\Defective\image_104.jpg,Aluminium,Defective,COPIED,Industrial_Metal_Surface_Dataset\Aluminium\Defective\image_104.jpg
Industrial_Metal_Surface_Dataset_COMPACT_FINAL\Dataset\Defective\image_105.jpg,Aluminium,Defective,COPIED,Industrial_Metal_Surface_Dataset\Aluminium\Defective\image_105.jpg
Industrial_Metal_Surface_Dataset_COMPACT_FINAL\Dataset\Defective\image_106.jpg,Aluminium,Defective,COPIED,Industrial_Metal_Surface_Dataset\Aluminium\Defective\image_106.jpg
Industrial_Metal_Surface_Dataset_COMPACT_FINAL\Dataset\Defective\image_107.jpg,Aluminium,Defective,COPIED,Industrial_Metal_Surface_Dataset\Aluminium\Defective\image_107.jpg
Industrial_Metal_Surface_Dataset_COMPACT_FINAL\Dataset\Defective\image_108.jpg,Aluminium,Defective,COPIED,Industrial_Metal_Surface_Dataset\Aluminium\Defective\image_108.jpg
Industrial_Metal_Surface_Dataset_COMPACT_FINAL\Dataset\Defective\image_109.jpg,Aluminium,Defective,COPIED,Industrial_Metal_Surface_Dataset\Aluminium\Defective\image_109.jpg
Industrial_Metal_Surface_Dataset_COMPACT_FINAL\Dataset\Defective\image_11.jpg,Aluminium,Defective,COPIED,Industrial_Metal_Surface_Dataset\Aluminium\Defective\image_11.jpg
Industrial_Metal_Surface_Dataset_COMPACT_FINAL\Dataset\Defective\image_110.jpg,Aluminium,Defective,COPIED,Industrial_Metal_Surface_Dataset\Aluminium\Defective\image_110.jpg
Industrial_Metal_Surface_Dataset_COMPACT_FINAL\Dataset\Defective\image_111.jpg,Aluminium,Defective,COPIED,Industrial_Metal_Surface_Dataset\Aluminium\Defective\image_111.jpg
Industrial_Metal_Surface_Dataset_COMPACT_FINAL\Dataset\Defective\image_112.jpg,Aluminium,Defective,COPIED,Industrial_Metal_Surface_Dataset\Aluminium\Defective\image_112.jpg
Industrial_Metal_Surface_Dataset_COMPACT_FINAL\Dataset\Defective\image_113.jpg,Aluminium,Defective,COPIED,Industrial_Metal_Surface_Dataset\Aluminium\Defective\image_113.jpg
Industrial_Metal_Surface_Dataset_COMPACT_FINAL\Dataset\Defective\image_114.jpg,Aluminium,Defective,COPIED,Industrial_Metal_Surface_Dataset\Aluminium\Defective\image_114.jpg
Industrial_Metal_Surface_Dataset_COMPACT_FINAL\Dataset\Defective\image_115.jpg,Aluminium,Defective,DUPLICATE_SKIPPED,
Industrial_Metal_Surface_Dataset_COMPACT_FINAL\Dataset\Defective\image_116.jpg,Aluminium,Defective,COPIED,Industrial_Metal_Surface_Dataset\Aluminium\Defective\image_116.jpg
Industrial_Metal_Surface_Dataset_COMPACT_FINAL\Dataset\Defective\image_117.jpg,Aluminium,Defective,COPIED,Industrial_Metal_Surface_Dataset\Aluminium\Defective\image_117.jpg
Industrial_Metal_Surface_Dataset_COMPACT_FINAL\Dataset\Defective\image_118.jpg,Aluminium,Defective,COPIED,Industrial_Metal_Surface_Dataset\Aluminium\Defective\image_118.jpg
Industrial_Metal_Surface_Dataset_COMPACT_FINAL\Dataset\Defective\image_119.jpg,Aluminium,Defective,COPIED,Industrial_Metal_Surface_Dataset\Aluminium\Defective\image_119.jpg
Industrial_Metal_Surface_Dataset_COMPACT_FINAL\Dataset\Defective\image_12.jpg,Aluminium,Defective,COPIED,Industrial_Metal_Surface_Dataset\Aluminium\Defective\image_12.jpg
Industrial_Metal_Surface_Dataset_COMPACT_FINAL\Dataset\Defective\image_120.jpg,Aluminium,Defective,COPIED,Industrial_Metal_Surface_Dataset\Aluminium\Defective\image_120.jpg
Industrial_Metal_Surface_Dataset_COMPACT_FINAL\Dataset\Defective\image_121.jpg,Aluminium,Defective,COPIED,Industrial_Metal_Surface_Dataset\Aluminium\Defective\image_121.jpg
Industrial_Metal_Surface_Dataset_COMPACT_FINAL\Dataset\Defective\image_122.jpg,Aluminium,Defective,COPIED,Industrial_Metal_Surface_Dataset\Aluminium\Defective\image_122.jpg
Industrial_Metal_Surface_Dataset_COMPACT_FINAL\Dataset\Defective\image_123.jpg,Aluminium,Defective,COPIED,Industrial_Metal_Surface_Dataset\Aluminium\Defective\image_123.jpg
Industrial_Metal_Surface_Dataset_COMPACT_FINAL\Dataset\Defective\image_124.jpg,Aluminium,Defective,COPIED,Industrial_Metal_Surface_Dataset\Aluminium\Defective\image_124.jpg
Industrial_Metal_Surface_Dataset_COMPACT_FINAL\Dataset\Defective\image_125.jpg,Aluminium,Defective,COPIED,Industrial_Metal_Surface_Dataset\Aluminium\Defective\image_125.jpg
Industrial_Metal_Surface_Dataset_COMPACT_FINAL\Dataset\Defective\image_126.jpg,Aluminium,Defective,COPIED,Industrial_Metal_Surface_Dataset\Aluminium\Defective\image_126.jpg
Industrial_Metal_Surface_Dataset_COMPACT_FINAL\Dataset\Defective\image_127.jpg,Aluminium,Defective,COPIED,Industrial_Metal_Surface_Dataset\Aluminium\Defective\image_127.jpg
Industrial_Metal_Surface_Dataset_COMPACT_FINAL\Dataset\Defective\image_128.jpg,Aluminium,Defective,COPIED,Industrial_Metal_Surface_Dataset\Aluminium\Defective\image_128.jpg
Industrial_Metal_Surface_Dataset_COMPACT_FINAL\Dataset\Defective\image_129.jpg,Aluminium,Defective,COPIED,Industrial_Metal_Surface_Dataset\Aluminium\Defective\image_129.jpg
Industrial_Metal_Surface_Dataset_COMPACT_FINAL\Dataset\Defective\image_13.jpg,Aluminium,Defective,COPIED,Industrial_Metal_Surface_Dataset\Aluminium\Defective\image_13.jpg
Industrial_Metal_Surface_Dataset_COMPACT_FINAL\Dataset\Defective\image_130.jpg,Aluminium,Defective,COPIED,Industrial_Metal_Surface_Dataset\Aluminium\Defective\image_130.jpg
Industrial_Metal_Surface_Dataset_COMPACT_FINAL\Dataset\Defective\image_14.jpg,Aluminium,Defective,COPIED,Industrial_Metal_Surface_Dataset\Aluminium\Defective\image_14.jpg
Industrial_Metal_Surface_Dataset_COMPACT_FINAL\Dataset\Defective\image_15.jpg,Aluminium,Defective,COPIED,Industrial_Metal_Surface_Dataset\Aluminium\Defective\image_15.jpg
Industrial_Metal_Surface_Dataset_COMPACT_FINAL\Dataset\Defective\image_16.jpg,Aluminium,Defective,COPIED,Industrial_Metal_Surface_Dataset\Aluminium\Defective\image_16.jpg
Industrial_Metal_Surface_Dataset_COMPACT_FINAL\Dataset\Defective\image_17.jpg,Aluminium,Defective,COPIED,Industrial_Metal_Surface_Dataset\Aluminium\Defective\image_17.jpg
Industrial_Metal_Surface_Dataset_COMPACT_FINAL\Dataset\Defective\image_18.jpg,Aluminium,Defective,COPIED,Industrial_Metal_Surface_Dataset\Aluminium\Defective\image_18.jpg
Industrial_Metal_Surface_Dataset_COMPACT_FINAL\Dataset\Defective\image_19.jpg,Aluminium,Defective,COPIED,Industrial_Metal_Surface_Dataset\Aluminium\Defective\image_19.jpg
Industrial_Metal_Surface_Dataset_COMPACT_FINAL\Dataset\Defective\image_2.jpg,Aluminium,Defective,COPIED,Industrial_Metal_Surface_Dataset\Aluminium\Defective\image_2.jpg
Industrial_Metal_Surface_Dataset_COMPACT_FINAL\Dataset\Defective\image_20.jpg,Aluminium,Defective,COPIED,Industrial_Metal_Surface_Dataset\Aluminium\Defective\image_20.jpg
Industrial_Metal_Surface_Dataset_COMPACT_FINAL\Dataset\Defective\image_21.jpg,Aluminium,Defective,COPIED,Industrial_Metal_Surface_Dataset\Aluminium\Defective\image_21.jpg
Industrial_Metal_Surface_Dataset_COMPACT_FINAL\Dataset\Defective\image_22.jpg,Aluminium,Defective,COPIED,Industrial_Metal_Surface_Dataset\Aluminium\Defective\image_22.jpg
Industrial_Metal_Surface_Dataset_COMPACT_FINAL\Dataset\Defective\image_23.jpg,Aluminium,Defective,COPIED,Industrial_Metal_Surface_Dataset\Aluminium\Defective\image_23.jpg
Industrial_Metal_Surface_Dataset_COMPACT_FINAL\Dataset\Defective\image_24.jpg,Aluminium,Defective,COPIED,Industrial_Metal_Surface_Dataset\Aluminium\Defective\image_24.jpg
Industrial_Metal_Surface_Dataset_COMPACT_FINAL\Dataset\Defective\image_26.jpg,Aluminium,Defective,COPIED,Industrial_Metal_Surface_Dataset\Aluminium\Defective\image_26.jpg
Industrial_Metal_Surface_Dataset_COMPACT_FINAL\Dataset\Defective\image_27.jpg,Aluminium,Defective,COPIED,Industrial_Metal_Surface_Dataset\Aluminium\Defective\image_27.jpg
Industrial_Metal_Surface_Dataset_COMPACT_FINAL\Dataset\Defective\image_28.jpg,Aluminium,Defective,COPIED,Industrial_Metal_Surface_Dataset\Aluminium\Defective\image_28.jpg
Industrial_Metal_Surface_Dataset_COMPACT_FINAL\Dataset\Defective\image_29.jpg,Aluminium,Defective,COPIED,Industrial_Metal_Surface_Dataset\Aluminium\Defective\image_29.jpg
Industrial_Metal_Surface_Dataset_COMPACT_FINAL\Dataset\Defective\image_3.jpg,Aluminium,Defective,COPIED,Industrial_Metal_Surface_Dataset\Aluminium\Defective\image_3.jpg
Industrial_Metal_Surface_Dataset_COMPACT_FINAL\Dataset\Defective\image_30.jpg,Aluminium,Defective,COPIED,Industrial_Metal_Surface_Dataset\Aluminium\Defective\image_30.jpg
Industrial_Metal_Surface_Dataset_COMPACT_FINAL\Dataset\Defective\image_32.jpg,Aluminium,Defective,COPIED,Industrial_Metal_Surface_Dataset\Aluminium\Defective\image_32.jpg
Industrial_Metal_Surface_Dataset_COMPACT_FINAL\Dataset\Defective\image_33.jpg,Aluminium,Defective,COPIED,Industrial_Metal_Surface_Dataset\Aluminium\Defective\image_33.jpg
Industrial_Metal_Surface_Dataset_COMPACT_FINAL\Dataset\Defective\image_4.jpg,Aluminium,Defective,COPIED,Industrial_Metal_Surface_Dataset\Aluminium\Defective\image_4.jpg
Industrial_Metal_Surface_Dataset_COMPACT_FINAL\Dataset\Defective\image_45.jpg,Aluminium,Defective,COPIED,Industrial_Metal_Surface_Dataset\Aluminium\Defective\image_45.jpg
Industrial_Metal_Surface_Dataset_COMPACT_FINAL\Dataset\Defective\image_46.jpg,Aluminium,Defective,COPIED,Industrial_Metal_Surface_Dataset\Aluminium\Defective\image_46.jpg
Industrial_Metal_Surface_Dataset_COMPACT_FINAL\Dataset\Defective\image_47.jpg,Aluminium,Defective,COPIED,Industrial_Metal_Surface_Dataset\Aluminium\Defective\image_47.jpg
Industrial_Metal_Surface_Dataset_COMPACT_FINAL\Dataset\Defective\image_48.jpg,Aluminium,Defective,COPIED,Industrial_Metal_Surface_Dataset\Aluminium\Defective\image_48.jpg
Industrial_Metal_Surface_Dataset_COMPACT_FINAL\Dataset\Defective\image_49.jpg,Aluminium,Defective,COPIED,Industrial_Metal_Surface_Dataset\Aluminium\Defective\image_49.jpg
Industrial_Metal_Surface_Dataset_COMPACT_FINAL\Dataset\Defective\image_5.jpg,Aluminium,Defective,COPIED,Industrial_Metal_Surface_Dataset\Aluminium\Defective\image_5.jpg
Industrial_Metal_Surface_Dataset_COMPACT_FINAL\Dataset\Defective\image_50.jpg,Aluminium,Defective,COPIED,Industrial_Metal_Surface_Dataset\Aluminium\Defective\image_50.jpg
Industrial_Metal_Surface_Dataset_COMPACT_FINAL\Dataset\Defective\image_51.jpg,Aluminium,Defective,COPIED,Industrial_Metal_Surface_Dataset\Aluminium\Defective\image_51.jpg
Industrial_Metal_Surface_Dataset_COMPACT_FINAL\Dataset\Defective\image_52.jpg,Aluminium,Defective,COPIED,Industrial_Metal_Surface_Dataset\Aluminium\Defective\image_52.jpg
Industrial_Metal_Surface_Dataset_COMPACT_FINAL\Dataset\Defective\image_53.jpg,Aluminium,Defective,COPIED,Industrial_Metal_Surface_Dataset\Aluminium\Defective\image_53.jpg
Industrial_Metal_Surface_Dataset_COMPACT_FINAL\Dataset\Defective\image_54.jpg,Aluminium,Defective,COPIED,Industrial_Metal_Surface_Dataset\Aluminium\Defective\image_54.jpg
Industrial_Metal_Surface_Dataset_COMPACT_FINAL\Dataset\Defective\image_55.jpg,Aluminium,Defective,COPIED,Industrial_Metal_Surface_Dataset\Aluminium\Defective\image_55.jpg
Industrial_Metal_Surface_Dataset_COMPACT_FINAL\Dataset\Defective\image_56.jpg,Aluminium,Defective,COPIED,Industrial_Metal_Surface_Dataset\Aluminium\Defective\image_56.jpg
Industrial_Metal_Surface_Dataset_COMPACT_FINAL\Dataset\Defective\image_57.jpg,Aluminium,Defective,COPIED,Industrial_Metal_Surface_Dataset\Aluminium\Defective\image_57.jpg
Industrial_Metal_Surface_Dataset_COMPACT_FINAL\Dataset\Defective\image_58.jpg,Aluminium,Defective,COPIED,Industrial_Metal_Surface_Dataset\Aluminium\Defective\image_58.jpg
Industrial_Metal_Surface_Dataset_COMPACT_FINAL\Dataset\Defective\image_59.jpg,Aluminium,Defective,COPIED,Industrial_Metal_Surface_Dataset\Aluminium\Defective\image_59.jpg
Industrial_Metal_Surface_Dataset_COMPACT_FINAL\Dataset\Defective\image_6.jpg,Aluminium,Defective,COPIED,Industrial_Metal_Surface_Dataset\Aluminium\Defective\image_6.jpg
Industrial_Metal_Surface_Dataset_COMPACT_FINAL\Dataset\Defective\image_60.jpg,Aluminium,Defective,COPIED,Industrial_Metal_Surface_Dataset\Aluminium\Defective\image_60.jpg
Industrial_Metal_Surface_Dataset_COMPACT_FINAL\Dataset\Defective\image_61.jpg,Aluminium,Defective,COPIED,Industrial_Metal_Surface_Dataset\Aluminium\Defective\image_61.jpg
Industrial_Metal_Surface_Dataset_COMPACT_FINAL\Dataset\Defective\image_62.jpg,Aluminium,Defective,COPIED,Industrial_Metal_Surface_Dataset\Aluminium\Defective\image_62.jpg
Industrial_Metal_Surface_Dataset_COMPACT_FINAL\Dataset\Defective\image_63.jpg,Aluminium,Defective,COPIED,Industrial_Metal_Surface_Dataset\Aluminium\Defective\image_63.jpg
Industrial_Metal_Surface_Dataset_COMPACT_FINAL\Dataset\Defective\image_64.jpg,Aluminium,Defective,COPIED,Industrial_Metal_Surface_Dataset\Aluminium\Defective\image_64.jpg
Industrial_Metal_Surface_Dataset_COMPACT_FINAL\Dataset\Defective\image_65.jpg,Aluminium,Defective,COPIED,Industrial_Metal_Surface_Dataset\Aluminium\Defective\image_65.jpg
Industrial_Metal_Surface_Dataset_COMPACT_FINAL\Dataset\Defective\image_66.jpg,Aluminium,Defective,COPIED,Industrial_Metal_Surface_Dataset\Aluminium\Defective\image_66.jpg
Industrial_Metal_Surface_Dataset_COMPACT_FINAL\Dataset\Defective\image_67.jpg,Aluminium,Defective,COPIED,Industrial_Metal_Surface_Dataset\Aluminium\Defective\image_67.jpg
Industrial_Metal_Surface_Dataset_COMPACT_FINAL\Dataset\Defective\image_68.jpg,Aluminium,Defective,COPIED,Industrial_Metal_Surface_Dataset\Aluminium\Defective\image_68.jpg
Industrial_Metal_Surface_Dataset_COMPACT_FINAL\Dataset\Defective\image_69.jpg,Aluminium,Defective,COPIED,Industrial_Metal_Surface_Dataset\Aluminium\Defective\image_69.jpg
Industrial_Metal_Surface_Dataset_COMPACT_FINAL\Dataset\Defective\image_7.jpg,Aluminium,Defective,COPIED,Industrial_Metal_Surface_Dataset\Aluminium\Defective\image_7.jpg
Industrial_Metal_Surface_Dataset_COMPACT_FINAL\Dataset\Defective\image_70.jpg,Aluminium,Defective,COPIED,Industrial_Metal_Surface_Dataset\Aluminium\Defective\image_70.jpg
Industrial_Metal_Surface_Dataset_COMPACT_FINAL\Dataset\Defective\image_72.jpg,Aluminium,Defective,COPIED,Industrial_Metal_Surface_Dataset\Aluminium\Defective\image_72.jpg
Industrial_Metal_Surface_Dataset_COMPACT_FINAL\Dataset\Defective\image_74.jpg,Aluminium,Defective,COPIED,Industrial_Metal_Surface_Dataset\Aluminium\Defective\image_74.jpg
Industrial_Metal_Surface_Dataset_COMPACT_FINAL\Dataset\Defective\image_75.jpg,Aluminium,Defective,COPIED,Industrial_Metal_Surface_Dataset\Aluminium\Defective\image_75.jpg
Industrial_Metal_Surface_Dataset_COMPACT_FINAL\Dataset\Defective\image_76.jpg,Aluminium,Defective,COPIED,Industrial_Metal_Surface_Dataset\Aluminium\Defective\image_76.jpg
Industrial_Metal_Surface_Dataset_COMPACT_FINAL\Dataset\Defective\image_77.jpg,Aluminium,Defective,COPIED,Industrial_Metal_Surface_Dataset\Aluminium\Defective\image_77.jpg
Industrial_Metal_Surface_Dataset_COMPACT_FINAL\Dataset\Defective\image_78.jpg,Aluminium,Defective,COPIED,Industrial_Metal_Surface_Dataset\Aluminium\Defective\image_78.jpg
Industrial_Metal_Surface_Dataset_COMPACT_FINAL\Dataset\Defective\image_79.jpg,Aluminium,Defective,COPIED,Industrial_Metal_Surface_Dataset\Aluminium\Defective\image_79.jpg
Industrial_Metal_Surface_Dataset_COMPACT_FINAL\Dataset\Defective\image_8.jpg,Aluminium,Defective,COPIED,Industrial_Metal_Surface_Dataset\Aluminium\Defective\image_8.jpg
Industrial_Metal_Surface_Dataset_COMPACT_FINAL\Dataset\Defective\image_80.jpg,Aluminium,Defective,COPIED,Industrial_Metal_Surface_Dataset\Aluminium\Defective\image_80.jpg
Industrial_Metal_Surface_Dataset_COMPACT_FINAL\Dataset\Defective\image_81.jpg,Aluminium,Defective,COPIED,Industrial_Metal_Surface_Dataset\Aluminium\Defective\image_81.jpg
Industrial_Metal_Surface_Dataset_COMPACT_FINAL\Dataset\Defective\image_82.jpg,Aluminium,Defective,COPIED,Industrial_Metal_Surface_Dataset\Aluminium\Defective\image_82.jpg
Industrial_Metal_Surface_Dataset_COMPACT_FINAL\Dataset\Defective\image_83.jpg,Aluminium,Defective,COPIED,Industrial_Metal_Surface_Dataset\Aluminium\Defective\image_83.jpg
Industrial_Metal_Surface_Dataset_COMPACT_FINAL\Dataset\Defective\image_84.jpg,Aluminium,Defective,COPIED,Industrial_Metal_Surface_Dataset\Aluminium\Defective\image_84.jpg
Industrial_Metal_Surface_Dataset_COMPACT_FINAL\Dataset\Defective\image_85.jpg,Aluminium,Defective,COPIED,Industrial_Metal_Surface_Dataset\Aluminium\Defective\image_85.jpg
Industrial_Metal_Surface_Dataset_COMPACT_FINAL\Dataset\Defective\image_86.jpg,Aluminium,Defective,COPIED,Industrial_Metal_Surface_Dataset\Aluminium\Defective\image_86.jpg
Industrial_Metal_Surface_Dataset_COMPACT_FINAL\Dataset\Defective\image_87.jpg,Aluminium,Defective,COPIED,Industrial_Metal_Surface_Dataset\Aluminium\Defective\image_87.jpg
Industrial_Metal_Surface_Dataset_COMPACT_FINAL\Dataset\Defective\image_88.png,Aluminium,Defective,COPIED,Industrial_Metal_Surface_Dataset\Aluminium\Defective\image_88.png
Industrial_Metal_Surface_Dataset_COMPACT_FINAL\Dataset\Defective\image_89.png,Aluminium,Defective,COPIED,Industrial_Metal_Surface_Dataset\Aluminium\Defective\image_89.png
Industrial_Metal_Surface_Dataset_COMPACT_FINAL\Dataset\Defective\image_9.jpg,Aluminium,Defective,COPIED,Industrial_Metal_Surface_Dataset\Aluminium\Defective\image_9.jpg
Industrial_Metal_Surface_Dataset_COMPACT_FINAL\Dataset\Defective\image_90.jpg,Aluminium,Defective,COPIED,Industrial_Metal_Surface_Dataset\Aluminium\Defective\image_90.jpg
Industrial_Metal_Surface_Dataset_COMPACT_FINAL\Dataset\Defective\image_91.png,Aluminium,Defective,COPIED,Industrial_Metal_Surface_Dataset\Aluminium\Defective\image_91.png
Industrial_Metal_Surface_Dataset_COMPACT_FINAL\Dataset\Defective\image_92.jpg,Aluminium,Defective,COPIED,Industrial_Metal_Surface_Dataset\Aluminium\Defective\image_92.jpg
Industrial_Metal_Surface_Dataset_COMPACT_FINAL\Dataset\Defective\image_93.jpg,Aluminium,Defective,COPIED,Industrial_Metal_Surface_Dataset\Aluminium\Defective\image_93.jpg
Industrial_Metal_Surface_Dataset_COMPACT_FINAL\Dataset\Defective\image_94.jpg,Aluminium,Defective,COPIED,Industrial_Metal_Surface_Dataset\Aluminium\Defective\image_94.jpg
Industrial_Metal_Surface_Dataset_COMPACT_FINAL\Dataset\Defective\image_95.jpg,Aluminium,Defective,COPIED,Industrial_Metal_Surface_Dataset\Aluminium\Defective\image_95.jpg
Industrial_Metal_Surface_Dataset_COMPACT_FINAL\Dataset\Defective\image_96.jpg,Aluminium,Defective,COPIED,Industrial_Metal_Surface_Dataset\Aluminium\Defective\image_96.jpg
Industrial_Metal_Surface_Dataset_COMPACT_FINAL\Dataset\Defective\image_97.jpg,Aluminium,Defective,COPIED,Industrial_Metal_Surface_Dataset\Aluminium\Defective\image_97.jpg
Industrial_Metal_Surface_Dataset_COMPACT_FINAL\Dataset\Defective\image_98.jpg,Aluminium,Defective,COPIED,Industrial_Metal_Surface_Dataset\Aluminium\Defective\image_98.jpg
Industrial_Metal_Surface_Dataset_COMPACT_FINAL\Dataset\Defective\image_99.jpg,Aluminium,Defective,COPIED,Industrial_Metal_Surface_Dataset\Aluminium\Defective\image_99.jpg
Industrial_Metal_Surface_Dataset_COMPACT_FINAL\Dataset\Good\image_10g.jpg,Aluminium,Good,COPIED,Industrial_Metal_Surface_Dataset\Aluminium\Good\image_10g.jpg
Industrial_Metal_Surface_Dataset_COMPACT_FINAL\Dataset\Good\image_11g.jpg,Aluminium,Good,COPIED,Industrial_Metal_Surface_Dataset\Aluminium\Good\image_11g.jpg
Industrial_Metal_Surface_Dataset_COMPACT_FINAL\Dataset\Good\image_12g.jpg,Aluminium,Good,COPIED,Industrial_Metal_Surface_Dataset\Aluminium\Good\image_12g.jpg
Industrial_Metal_Surface_Dataset_COMPACT_FINAL\Dataset\Good\image_13g.jpg,Aluminium,Good,COPIED,Industrial_Metal_Surface_Dataset\Aluminium\Good\image_13g.jpg
Industrial_Metal_Surface_Dataset_COMPACT_FINAL\Dataset\Good\image_14g.jpg,Aluminium,Good,COPIED,Industrial_Metal_Surface_Dataset\Aluminium\Good\image_14g.jpg
Industrial_Metal_Surface_Dataset_COMPACT_FINAL\Dataset\Good\image_1g.jpg,Aluminium,Good,COPIED,Industrial_Metal_Surface_Dataset\Aluminium\Good\image_1g.jpg
Industrial_Metal_Surface_Dataset_COMPACT_FINAL\Dataset\Good\image_2g.jpg,Aluminium,Good,COPIED,Industrial_Metal_Surface_Dataset\Aluminium\Good\image_2g.jpg
Industrial_Metal_Surface_Dataset_COMPACT_FINAL\Dataset\Good\image_3g.jpg,Aluminium,Good,COPIED,Industrial_Metal_Surface_Dataset\Aluminium\Good\image_3g.jpg
Industrial_Metal_Surface_Dataset_COMPACT_FINAL\Dataset\Good\image_4g.jpg,Aluminium,Good,COPIED,Industrial_Metal_Surface_Dataset\Aluminium\Good\image_4g.jpg
Industrial_Metal_Surface_Dataset_COMPACT_FINAL\Dataset\Good\image_5g.jpg,Aluminium,Good,COPIED,Industrial_Metal_Surface_Dataset\Aluminium\Good\image_5g.jpg
Industrial_Metal_Surface_Dataset_COMPACT_FINAL\Dataset\Good\image_6g.jpg,Aluminium,Good,COPIED,Industrial_Metal_Surface_Dataset\Aluminium\Good\image_6g.jpg
Industrial_Metal_Surface_Dataset_COMPACT_FINAL\Dataset\Good\image_7g.jpg,Aluminium,Good,COPIED,Industrial_Metal_Surface_Dataset\Aluminium\Good\image_7g.jpg
Industrial_Metal_Surface_Dataset_COMPACT_FINAL\Dataset\Good\image_8g.jpg,Aluminium,Good,COPIED,Industrial_Metal_Surface_Dataset\Aluminium\Good\image_8g.jpg
Industrial_Metal_Surface_Dataset_COMPACT_FINAL\Dataset\Good\image_9g.jpg,Aluminium,Good,COPIED,Industrial_Metal_Surface_Dataset\Aluminium\Good\image_9g.jpg
Industrial_Metal_Surface_Dataset_COMPACT_FINAL\iron\Defective\1.PNG,Iron,Defective,COPIED,Industrial_Metal_Surface_Dataset\Iron\Defective\1.PNG
Industrial_Metal_Surface_Dataset_COMPACT_FINAL\iron\Defective\10.PNG,Iron,Defective,COPIED,Industrial_Metal_Surface_Dataset\Iron\Defective\10.PNG
Industrial_Metal_Surface_Dataset_COMPACT_FINAL\iron\Defective\11.PNG,Iron,Defective,COPIED,Industrial_Metal_Surface_Dataset\Iron\Defective\11.PNG
Industrial_Metal_Surface_Dataset_COMPACT_FINAL\iron\Defective\12.PNG,Iron,Defective,COPIED,Industrial_Metal_Surface_Dataset\Iron\Defective\12.PNG
Industrial_Metal_Surface_Dataset_COMPACT_FINAL\iron\Defective\13.PNG,Iron,Defective,COPIED,Industrial_Metal_Surface_Dataset\Iron\Defective\13.PNG
Industrial_Metal_Surface_Dataset_COMPACT_FINAL\iron\Defective\14.PNG,Iron,Defective,COPIED,Industrial_Metal_Surface_Dataset\Iron\Defective\14.PNG
Industrial_Metal_Surface_Dataset_COMPACT_FINAL\iron\Defective\15.PNG,Iron,Defective,COPIED,Industrial_Metal_Surface_Dataset\Iron\Defective\15.PNG
Industrial_Metal_Surface_Dataset_COMPACT_FINAL\iron\Defective\16.PNG,Iron,Defective,COPIED,Industrial_Metal_Surface_Dataset\Iron\Defective\16.PNG
Industrial_Metal_Surface_Dataset_COMPACT_FINAL\iron\Defective\17.PNG,Iron,Defective,COPIED,Industrial_Metal_Surface_Dataset\Iron\Defective\17.PNG
Industrial_Metal_Surface_Dataset_COMPACT_FINAL\iron\Defective\18.PNG,Iron,Defective,COPIED,Industrial_Metal_Surface_Dataset\Iron\Defective\18.PNG
Industrial_Metal_Surface_Dataset_COMPACT_FINAL\iron\Defective\19.PNG,Iron,Defective,COPIED,Industrial_Metal_Surface_Dataset\Iron\Defective\19.PNG
Industrial_Metal_Surface_Dataset_COMPACT_FINAL\iron\Defective\2.PNG,Iron,Defective,COPIED,Industrial_Metal_Surface_Dataset\Iron\Defective\2.PNG
Industrial_Metal_Surface_Dataset_COMPACT_FINAL\iron\Defective\20.PNG,Iron,Defective,COPIED,Industrial_Metal_Surface_Dataset\Iron\Defective\20.PNG
Industrial_Metal_Surface_Dataset_COMPACT_FINAL\iron\Defective\21.PNG,Iron,Defective,COPIED,Industrial_Metal_Surface_Dataset\Iron\Defective\21.PNG
Industrial_Metal_Surface_Dataset_COMPACT_FINAL\iron\Defective\22.PNG,Iron,Defective,COPIED,Industrial_Metal_Surface_Dataset\Iron\Defective\22.PNG
Industrial_Metal_Surface_Dataset_COMPACT_FINAL\iron\Defective\23.PNG,Iron,Defective,COPIED,Industrial_Metal_Surface_Dataset\Iron\Defective\23.PNG
Industrial_Metal_Surface_Dataset_COMPACT_FINAL\iron\Defective\24.PNG,Iron,Defective,COPIED,Industrial_Metal_Surface_Dataset\Iron\Defective\24.PNG
Industrial_Metal_Surface_Dataset_COMPACT_FINAL\iron\Defective\25.PNG,Iron,Defective,COPIED,Industrial_Metal_Surface_Dataset\Iron\Defective\25.PNG
Industrial_Metal_Surface_Dataset_COMPACT_FINAL\iron\Defective\26.PNG,Iron,Defective,COPIED,Industrial_Metal_Surface_Dataset\Iron\Defective\26.PNG
Industrial_Metal_Surface_Dataset_COMPACT_FINAL\iron\Defective\27.PNG,Iron,Defective,COPIED,Industrial_Metal_Surface_Dataset\Iron\Defective\27.PNG
Industrial_Metal_Surface_Dataset_COMPACT_FINAL\iron\Defective\28.PNG,Iron,Defective,COPIED,Industrial_Metal_Surface_Dataset\Iron\Defective\28.PNG
Industrial_Metal_Surface_Dataset_COMPACT_FINAL\iron\Defective\29.PNG,Iron,Defective,COPIED,Industrial_Metal_Surface_Dataset\Iron\Defective\29.PNG
Industrial_Metal_Surface_Dataset_COMPACT_FINAL\iron\Defective\3.PNG,Iron,Defective,COPIED,Industrial_Metal_Surface_Dataset\Iron\Defective\3.PNG
Industrial_Metal_Surface_Dataset_COMPACT_FINAL\iron\Defective\30.PNG,Iron,Defective,COPIED,Industrial_Metal_Surface_Dataset\Iron\Defective\30.PNG
Industrial_Metal_Surface_Dataset_COMPACT_FINAL\iron\Defective\31.PNG,Iron,Defective,COPIED,Industrial_Metal_Surface_Dataset\Iron\Defective\31.PNG
Industrial_Metal_Surface_Dataset_COMPACT_FINAL\iron\Defective\32.PNG,Iron,Defective,COPIED,Industrial_Metal_Surface_Dataset\Iron\Defective\32.PNG
Industrial_Metal_Surface_Dataset_COMPACT_FINAL\iron\Defective\33.PNG,Iron,Defective,COPIED,Industrial_Metal_Surface_Dataset\Iron\Defective\33.PNG
Industrial_Metal_Surface_Dataset_COMPACT_FINAL\iron\Defective\34.PNG,Iron,Defective,COPIED,Industrial_Metal_Surface_Dataset\Iron\Defective\34.PNG
Industrial_Metal_Surface_Dataset_COMPACT_FINAL\iron\Defective\35.PNG,Iron,Defective,COPIED,Industrial_Metal_Surface_Dataset\Iron\Defective\35.PNG
Industrial_Metal_Surface_Dataset_COMPACT_FINAL\iron\Defective\36.PNG,Iron,Defective,COPIED,Industrial_Metal_Surface_Dataset\Iron\Defective\36.PNG
Industrial_Metal_Surface_Dataset_COMPACT_FINAL\iron\Defective\37.PNG,Iron,Defective,COPIED,Industrial_Metal_Surface_Dataset\Iron\Defective\37.PNG
Industrial_Metal_Surface_Dataset_COMPACT_FINAL\iron\Defective\38.PNG,Iron,Defective,COPIED,Industrial_Metal_Surface_Dataset\Iron\Defective\38.PNG
Industrial_Metal_Surface_Dataset_COMPACT_FINAL\iron\Defective\39.PNG,Iron,Defective,COPIED,Industrial_Metal_Surface_Dataset\Iron\Defective\39.PNG
Industrial_Metal_Surface_Dataset_COMPACT_FINAL\iron\Defective\4.PNG,Iron,Defective,COPIED,Industrial_Metal_Surface_Dataset\Iron\Defective\4.PNG
Industrial_Metal_Surface_Dataset_COMPACT_FINAL\iron\Defective\40.PNG,Iron,Defective,COPIED,Industrial_Metal_Surface_Dataset\Iron\Defective\40.PNG
Industrial_Metal_Surface_Dataset_COMPACT_FINAL\iron\Defective\41.PNG,Iron,Defective,COPIED,Industrial_Metal_Surface_Dataset\Iron\Defective\41.PNG
Industrial_Metal_Surface_Dataset_COMPACT_FINAL\iron\Defective\42.PNG,Iron,Defective,COPIED,Industrial_Metal_Surface_Dataset\Iron\Defective\42.PNG
Industrial_Metal_Surface_Dataset_COMPACT_FINAL\iron\Defective\43.PNG,Iron,Defective,COPIED,Industrial_Metal_Surface_Dataset\Iron\Defective\43.PNG
Industrial_Metal_Surface_Dataset_COMPACT_FINAL\iron\Defective\44.PNG,Iron,Defective,COPIED,Industrial_Metal_Surface_Dataset\Iron\Defective\44.PNG
Industrial_Metal_Surface_Dataset_COMPACT_FINAL\iron\Defective\45.PNG,Iron,Defective,COPIED,Industrial_Metal_Surface_Dataset\Iron\Defective\45.PNG
Industrial_Metal_Surface_Dataset_COMPACT_FINAL\iron\Defective\46.PNG,Iron,Defective,COPIED,Industrial_Metal_Surface_Dataset\Iron\Defective\46.PNG
Industrial_Metal_Surface_Dataset_COMPACT_FINAL\iron\Defective\47.PNG,Iron,Defective,COPIED,Industrial_Metal_Surface_Dataset\Iron\Defective\47.PNG
Industrial_Metal_Surface_Dataset_COMPACT_FINAL\iron\Defective\48.PNG,Iron,Defective,COPIED,Industrial_Metal_Surface_Dataset\Iron\Defective\48.PNG
Industrial_Metal_Surface_Dataset_COMPACT_FINAL\iron\Defective\49.PNG,Iron,Defective,COPIED,Industrial_Metal_Surface_Dataset\Iron\Defective\49.PNG
Industrial_Metal_Surface_Dataset_COMPACT_FINAL\iron\Defective\5.PNG,Iron,Defective,COPIED,Industrial_Metal_Surface_Dataset\Iron\Defective\5.PNG
Industrial_Metal_Surface_Dataset_COMPACT_FINAL\iron\Defective\50.PNG,Iron,Defective,COPIED,Industrial_Metal_Surface_Dataset\Iron\Defective\50.PNG
Industrial_Metal_Surface_Dataset_COMPACT_FINAL\iron\Defective\51.PNG,Iron,Defective,COPIED,Industrial_Metal_Surface_Dataset\Iron\Defective\51.PNG
Industrial_Metal_Surface_Dataset_COMPACT_FINAL\iron\Defective\52.PNG,Iron,Defective,COPIED,Industrial_Metal_Surface_Dataset\Iron\Defective\52.PNG
Industrial_Metal_Surface_Dataset_COMPACT_FINAL\iron\Defective\53.PNG,Iron,Defective,COPIED,Industrial_Metal_Surface_Dataset\Iron\Defective\53.PNG
Industrial_Metal_Surface_Dataset_COMPACT_FINAL\iron\Defective\54.PNG,Iron,Defective,COPIED,Industrial_Metal_Surface_Dataset\Iron\Defective\54.PNG
Industrial_Metal_Surface_Dataset_COMPACT_FINAL\iron\Defective\55.PNG,Iron,Defective,COPIED,Industrial_Metal_Surface_Dataset\Iron\Defective\55.PNG
Industrial_Metal_Surface_Dataset_COMPACT_FINAL\iron\Defective\56.PNG,Iron,Defective,COPIED,Industrial_Metal_Surface_Dataset\Iron\Defective\56.PNG
Industrial_Metal_Surface_Dataset_COMPACT_FINAL\iron\Defective\57.PNG,Iron,Defective,COPIED,Industrial_Metal_Surface_Dataset\Iron\Defective\57.PNG
Industrial_Metal_Surface_Dataset_COMPACT_FINAL\iron\Defective\58.PNG,Iron,Defective,COPIED,Industrial_Metal_Surface_Dataset\Iron\Defective\58.PNG
Industrial_Metal_Surface_Dataset_COMPACT_FINAL\iron\Defective\59.PNG,Iron,Defective,COPIED,Industrial_Metal_Surface_Dataset\Iron\Defective\59.PNG
Industrial_Metal_Surface_Dataset_COMPACT_FINAL\iron\Defective\6.PNG,Iron,Defective,COPIED,Industrial_Metal_Surface_Dataset\Iron\Defective\6.PNG
Industrial_Metal_Surface_Dataset_COMPACT_FINAL\iron\Defective\60.PNG,Iron,Defective,COPIED,Industrial_Metal_Surface_Dataset\Iron\Defective\60.PNG
Industrial_Metal_Surface_Dataset_COMPACT_FINAL\iron\Defective\61.PNG,Iron,Defective,COPIED,Industrial_Metal_Surface_Dataset\Iron\Defective\61.PNG
Industrial_Metal_Surface_Dataset_COMPACT_FINAL\iron\Defective\62.PNG,Iron,Defective,COPIED,Industrial_Metal_Surface_Dataset\Iron\Defective\62.PNG
Industrial_Metal_Surface_Dataset_COMPACT_FINAL\iron\Defective\63.PNG,Iron,Defective,COPIED,Industrial_Metal_Surface_Dataset\Iron\Defective\63.PNG
Industrial_Metal_Surface_Dataset_COMPACT_FINAL\iron\Defective\64.PNG,Iron,Defective,COPIED,Industrial_Metal_Surface_Dataset\Iron\Defective\64.PNG
Industrial_Metal_Surface_Dataset_COMPACT_FINAL\iron\Defective\65.PNG,Iron,Defective,COPIED,Industrial_Metal_Surface_Dataset\Iron\Defective\65.PNG
Industrial_Metal_Surface_Dataset_COMPACT_FINAL\iron\Defective\66.PNG,Iron,Defective,COPIED,Industrial_Metal_Surface_Dataset\Iron\Defective\66.PNG
Industrial_Metal_Surface_Dataset_COMPACT_FINAL\iron\Defective\67.PNG,Iron,Defective,COPIED,Industrial_Metal_Surface_Dataset\Iron\Defective\67.PNG
Industrial_Metal_Surface_Dataset_COMPACT_FINAL\iron\Defective\68.PNG,Iron,Defective,COPIED,Industrial_Metal_Surface_Dataset\Iron\Defective\68.PNG
Industrial_Metal_Surface_Dataset_COMPACT_FINAL\iron\Defective\69.PNG,Iron,Defective,COPIED,Industrial_Metal_Surface_Dataset\Iron\Defective\69.PNG
Industrial_Metal_Surface_Dataset_COMPACT_FINAL\iron\Defective\7.PNG,Iron,Defective,COPIED,Industrial_Metal_Surface_Dataset\Iron\Defective\7.PNG
Industrial_Metal_Surface_Dataset_COMPACT_FINAL\iron\Defective\70.PNG,Iron,Defective,COPIED,Industrial_Metal_Surface_Dataset\Iron\Defective\70.PNG
Industrial_Metal_Surface_Dataset_COMPACT_FINAL\iron\Defective\71.PNG,Iron,Defective,COPIED,Industrial_Metal_Surface_Dataset\Iron\Defective\71.PNG
Industrial_Metal_Surface_Dataset_COMPACT_FINAL\iron\Defective\72.PNG,Iron,Defective,COPIED,Industrial_Metal_Surface_Dataset\Iron\Defective\72.PNG
Industrial_Metal_Surface_Dataset_COMPACT_FINAL\iron\Defective\73.PNG,Iron,Defective,COPIED,Industrial_Metal_Surface_Dataset\Iron\Defective\73.PNG
Industrial_Metal_Surface_Dataset_COMPACT_FINAL\iron\Defective\74.PNG,Iron,Defective,COPIED,Industrial_Metal_Surface_Dataset\Iron\Defective\74.PNG
Industrial_Metal_Surface_Dataset_COMPACT_FINAL\iron\Defective\75.PNG,Iron,Defective,COPIED,Industrial_Metal_Surface_Dataset\Iron\Defective\75.PNG
Industrial_Metal_Surface_Dataset_COMPACT_FINAL\iron\Defective\76.PNG,Iron,Defective,COPIED,Industrial_Metal_Surface_Dataset\Iron\Defective\76.PNG
Industrial_Metal_Surface_Dataset_COMPACT_FINAL\iron\Defective\77.PNG,Iron,Defective,COPIED,Industrial_Metal_Surface_Dataset\Iron\Defective\77.PNG
Industrial_Metal_Surface_Dataset_COMPACT_FINAL\iron\Defective\78.PNG,Iron,Defective,COPIED,Industrial_Metal_Surface_Dataset\Iron\Defective\78.PNG
Industrial_Metal_Surface_Dataset_COMPACT_FINAL\iron\Defective\79.PNG,Iron,Defective,COPIED,Industrial_Metal_Surface_Dataset\Iron\Defective\79.PNG
Industrial_Metal_Surface_Dataset_COMPACT_FINAL\iron\Defective\8.PNG,Iron,Defective,COPIED,Industrial_Metal_Surface_Dataset\Iron\Defective\8.PNG
Industrial_Metal_Surface_Dataset_COMPACT_FINAL\iron\Defective\80.PNG,Iron,Defective,COPIED,Industrial_Metal_Surface_Dataset\Iron\Defective\80.PNG
Industrial_Metal_Surface_Dataset_COMPACT_FINAL\iron\Defective\81.PNG,Iron,Defective,COPIED,Industrial_Metal_Surface_Dataset\Iron\Defective\81.PNG
Industrial_Metal_Surface_Dataset_COMPACT_FINAL\iron\Defective\82.PNG,Iron,Defective,COPIED,Industrial_Metal_Surface_Dataset\Iron\Defective\82.PNG
Industrial_Metal_Surface_Dataset_COMPACT_FINAL\iron\Defective\83.PNG,Iron,Defective,COPIED,Industrial_Metal_Surface_Dataset\Iron\Defective\83.PNG
Industrial_Metal_Surface_Dataset_COMPACT_FINAL\iron\Defective\84.PNG,Iron,Defective,COPIED,Industrial_Metal_Surface_Dataset\Iron\Defective\84.PNG
Industrial_Metal_Surface_Dataset_COMPACT_FINAL\iron\Defective\85.PNG,Iron,Defective,COPIED,Industrial_Metal_Surface_Dataset\Iron\Defective\85.PNG
Industrial_Metal_Surface_Dataset_COMPACT_FINAL\iron\Defective\86.PNG,Iron,Defective,COPIED,Industrial_Metal_Surface_Dataset\Iron\Defective\86.PNG
Industrial_Metal_Surface_Dataset_COMPACT_FINAL\iron\Defective\87.PNG,Iron,Defective,COPIED,Industrial_Metal_Surface_Dataset\Iron\Defective\87.PNG
Industrial_Metal_Surface_Dataset_COMPACT_FINAL\iron\Defective\88.PNG,Iron,Defective,COPIED,Industrial_Metal_Surface_Dataset\Iron\Defective\88.PNG
Industrial_Metal_Surface_Dataset_COMPACT_FINAL\iron\Defective\89.PNG,Iron,Defective,COPIED,Industrial_Metal_Surface_Dataset\Iron\Defective\89.PNG
Industrial_Metal_Surface_Dataset_COMPACT_FINAL\iron\Defective\9.PNG,Iron,Defective,COPIED,Industrial_Metal_Surface_Dataset\Iron\Defective\9.PNG
Industrial_Metal_Surface_Dataset_COMPACT_FINAL\iron\Defective\90.PNG,Iron,Defective,COPIED,Industrial_Metal_Surface_Dataset\Iron\Defective\90.PNG
